structure_id,energy,n_atoms,cluster_type,neatness_score,compactness,symmetry_score,n_bonds,avg_coordination,atom_1_element,atom_1_x,atom_1_y,atom_1_z,atom_2_element,atom_2_x,atom_2_y,atom_2_z,atom_3_element,atom_3_x,atom_3_y,atom_3_z,atom_4_element,atom_4_x,atom_4_y,atom_4_z,atom_5_element,atom_5_x,atom_5_y,atom_5_z,atom_6_element,atom_6_x,atom_6_y,atom_6_z,atom_7_element,atom_7_x,atom_7_y,atom_7_z,atom_8_element,atom_8_x,atom_8_y,atom_8_z,atom_9_element,atom_9_x,atom_9_y,atom_9_z,atom_10_element,atom_10_x,atom_10_y,atom_10_z,atom_11_element,atom_11_x,atom_11_y,atom_11_z,atom_12_element,atom_12_x,atom_12_y,atom_12_z,atom_13_element,atom_13_x,atom_13_y,atom_13_z,atom_14_element,atom_14_x,atom_14_y,atom_14_z,atom_15_element,atom_15_x,atom_15_y,atom_15_z,atom_16_element,atom_16_x,atom_16_y,atom_16_z,atom_17_element,atom_17_x,atom_17_y,atom_17_z,atom_18_element,atom_18_x,atom_18_y,atom_18_z,atom_19_element,atom_19_x,atom_19_y,atom_19_z,atom_20_element,atom_20_x,atom_20_y,atom_20_z
structure_115,-1555.19279,20,Au20,0.8343341482107931,0.896232557806035,1.0,52,5.2,Au,2.72609496,0.03037687,0.0,Au,-2.72609494,-0.03037689,-0.0,Au,0.03040963,2.73104102,0.0,Au,-0.03040966,-2.73104101,-0.0,Au,-1.8677401,-0.0071232,-2.51487101,Au,1.8677401,0.0071232,-2.51487101,Au,-0.00715596,-1.88368847,-2.51787313,Au,0.00715596,1.88368847,-2.51787313,Au,1.8677401,0.0071232,2.51487101,Au,-1.8677401,-0.0071232,2.51487101,Au,-0.00715596,-1.88368847,2.51787313,Au,0.00715596,1.88368847,2.51787313,Au,2.29993393,2.30016739,1.31033384,Au,-2.29993393,-2.30016739,1.31033384,Au,-2.27435789,2.27445662,1.30092211,Au,2.27435789,-2.27445662,1.30092211,Au,-2.27435789,2.27445662,-1.30092211,Au,2.27435789,-2.27445662,-1.30092211,Au,2.29993393,2.30016739,-1.31033384,Au,-2.29993393,-2.30016739,-1.31033384
structure_113,-1555.23919,20,Au20,0.8289188648436814,0.8779783464837535,1.0,52,5.2,Au,2.8198897,0.0,0.0,Au,-2.8198897,0.0,0.0,Au,0.0,2.8198897,-0.0,Au,0.0,-2.8198897,-0.0,Au,-1.87549286,0.0,2.491656,Au,1.87549286,-0.0,2.491656,Au,0.0,-1.87549286,2.491656,Au,-0.0,1.87549286,2.491656,Au,1.87549286,-0.0,-2.491656,Au,-1.87549286,0.0,-2.491656,Au,0.0,-1.87549286,-2.491656,Au,-0.0,1.87549286,-2.491656,Au,2.29177531,2.29177531,1.30096239,Au,-2.29177531,-2.29177531,1.30096239,Au,-2.29177531,2.29177531,1.30096239,Au,2.29177531,-2.29177531,1.30096239,Au,-2.29177531,2.29177531,-1.30096239,Au,2.29177531,-2.29177531,-1.30096239,Au,2.29177531,2.29177531,-1.30096239,Au,-2.29177531,-2.29177531,-1.30096239
structure_114,-1555.239197,20,Au20,0.8287326859789537,0.8775146961805665,1.0,52,5.2,Au,2.82049815,-5.5e-07,-0.0,Au,-2.82049815,5.5e-07,0.0,Au,-5.5e-07,2.82049865,0.0,Au,5.5e-07,-2.82049865,-0.0,Au,1.87522719,2.069e-05,-2.49110948,Au,-1.87522719,-2.069e-05,-2.49110948,Au,2.069e-05,1.87522984,-2.49111006,Au,-2.069e-05,-1.87522984,-2.49111006,Au,-1.87522719,-2.069e-05,2.49110948,Au,1.87522719,2.069e-05,2.49110948,Au,2.069e-05,1.87522984,2.49111006,Au,-2.069e-05,-1.87522984,2.49111006,Au,-2.29190932,-2.29190933,-1.30076911,Au,2.29190932,2.29190933,-1.30076911,Au,2.29192721,-2.29192722,-1.30072995,Au,-2.29192721,2.29192721,-1.30072994,Au,2.29192721,-2.29192721,1.30072994,Au,-2.29192721,2.29192722,1.30072995,Au,-2.29190932,-2.29190933,1.30076911,Au,2.29190932,2.29190933,1.30076911
structure_961,-1555.249173,20,Au20,0.7751256022910902,0.7856049460191606,1.0,54,5.4,Au,0.0,0.0,-2.94684281,Au,-0.0,0.0,2.94684284,Au,2.72809339,-1.277e-05,2.6e-07,Au,-1.41927868,2.36466706,0.00015574,Au,-1.41926222,-2.36466752,-0.00015511,Au,-2.72809339,1.277e-05,2.6e-07,Au,1.41927868,-2.36466706,0.00015573,Au,1.41926222,2.36466752,-0.00015512,Au,2.27982819,-1.30231698,2.28202004,Au,0.00043854,2.54357955,2.21874193,Au,-2.28203401,-1.30545368,2.28229584,Au,-2.27982819,1.30231699,2.28202004,Au,-0.00043854,-2.54357955,2.21874193,Au,2.28203401,1.30545368,2.28229584,Au,-2.28209005,1.30549777,-2.28231272,Au,2.27977243,1.30227276,-2.28200369,Au,0.000459,-2.54357932,-2.21874229,Au,2.28209005,-1.30549777,-2.28231272,Au,-2.27977244,-1.30227276,-2.28200369,Au,-0.000459,2.54357932,-2.21874229
structure_759,-1554.689836,20,Au20,0.7703076512665519,0.9079167151393166,1.0,56,5.6,Au,-0.54198313,1.91687141,-0.0,Au,0.54198313,-1.91687141,-0.0,Au,-1.92126931,-0.54343729,-0.0,Au,1.92126931,0.54343729,-0.0,Au,-1.56399175,-2.79817943,1.33144442,Au,1.56399175,2.79817943,1.33144442,Au,2.79774864,-1.5645545,1.33147051,Au,-2.79774864,1.5645545,1.33147051,Au,1.56399175,2.79817943,-1.33144442,Au,-1.56399175,-2.79817943,-1.33144442,Au,-2.79774864,1.5645545,-1.33147051,Au,2.79774864,-1.5645545,-1.33147051,Au,-1.81448559,-0.51320498,2.63424118,Au,1.81448559,0.51320498,2.63424118,Au,0.51353761,-1.81571081,2.63471506,Au,-0.51353761,1.81571081,2.63471506,Au,1.81448559,0.51320498,-2.63424118,Au,-1.81448559,-0.51320498,-2.63424118,Au,-0.51353761,1.81571081,-2.63471506,Au,0.51353761,-1.81571081,-2.63471506
structure_336,-1555.676499,20,Au20,0.7304041820651637,0.9010348800834822,1.0,67,6.7,Au,-0.0,-0.0,-1.33091222,Au,0.0,-0.0,1.33153258,Au,2.31557959,-1.31851147,7.24e-06,Au,1.1e-06,2.50897706,-0.00012408,Au,-2.315574,-1.31850946,-2.442e-05,Au,-2.31557959,1.31851147,7.25e-06,Au,-1.1e-06,-2.50897706,-0.00012408,Au,2.315574,1.31850946,-2.441e-05,Au,2.56351845,-7.241e-05,2.28823922,Au,-1.30272668,2.25723798,2.30316326,Au,-1.30268744,-2.25730995,2.30316685,Au,-2.56351845,7.24e-05,2.28823922,Au,1.30272668,-2.25723798,2.30316326,Au,1.30268744,2.25730995,2.30316685,Au,-2.56376527,-8.291e-05,-2.28814973,Au,1.30273708,-2.25715162,-2.30329585,Au,1.30278464,2.25707327,-2.3032927,Au,2.56376527,8.287e-05,-2.28814973,Au,-1.30273706,2.25715164,-2.30329585,Au,-1.30278466,-2.25707326,-2.3032927
structure_314,-1555.676499,20,Au20,0.7303937016830155,0.9010077756756234,1.0,67,6.7,Au,-0.0,-0.0,1.33141245,Au,0.0,0.0,-1.33141245,Au,1.2e-07,2.50894163,0.0,Au,-2.3156815,-1.31852594,0.0,Au,2.31568165,-1.3185259,0.0,Au,-1.2e-07,-2.50894163,-0.0,Au,2.3156815,1.31852594,-0.0,Au,-2.31568165,1.3185259,-0.0,Au,2.5635373,3.1e-07,2.28821651,Au,-1.30267637,2.25719939,2.30324665,Au,-1.30267658,-2.25719907,2.30324664,Au,-2.5635373,-3.5e-07,2.28821651,Au,1.30267639,-2.25719937,2.30324665,Au,1.30267656,2.25719908,2.30324664,Au,-1.30267639,2.25719937,-2.30324665,Au,2.5635373,3.5e-07,-2.28821651,Au,-1.30267656,-2.25719909,-2.30324664,Au,1.30267636,-2.25719939,-2.30324665,Au,-2.5635373,-3.1e-07,-2.28821651,Au,1.30267658,2.25719907,-2.30324664
structure_639,-1555.676483,20,Au20,0.7302452180802563,0.9006397495425993,1.0,67,6.7,Au,0.0,-0.0,1.33105529,Au,-0.0,0.0,-1.33105529,Au,2.66979323,0.13312082,0.0,Au,-1.3511712,2.1134066,0.0,Au,-1.24077507,-2.34875577,0.0,Au,-2.66979323,-0.13312082,-0.0,Au,1.3511712,-2.1134066,-0.0,Au,1.24077507,2.34875577,-0.0,Au,2.31370034,-1.2024903,2.3020283,Au,-0.1160585,2.60193494,2.30412036,Au,-2.16188832,-1.37779713,2.28821411,Au,-2.31370034,1.2024903,2.3020283,Au,0.1160585,-2.60193494,2.30412036,Au,2.16188832,1.37779713,2.28821411,Au,-2.31370034,1.2024903,-2.3020283,Au,0.1160585,-2.60193494,-2.30412036,Au,2.16188832,1.37779713,-2.28821411,Au,2.31370034,-1.2024903,-2.3020283,Au,-0.1160585,2.60193494,-2.30412036,Au,-2.16188832,-1.37779713,-2.28821411
structure_319,-1555.676496,20,Au20,0.7302111281911738,0.9005537946984072,1.0,67,6.7,Au,0.0,-0.0,1.33153841,Au,0.0,-0.0,-1.33153841,Au,2.50748902,-5e-08,0.0,Au,-1.31831004,2.31606584,0.0,Au,-1.31831004,-2.31606593,0.0,Au,-2.50748902,5e-08,-0.0,Au,1.31831004,-2.31606584,-0.0,Au,1.31831004,2.31606593,-0.0,Au,1.6e-07,-2.56418822,2.28837896,Au,2.25688077,1.30272073,2.30320894,Au,-2.25688064,1.30272083,2.30320893,Au,-1.6e-07,2.56418822,2.28837896,Au,-2.25688077,-1.30272073,2.30320894,Au,2.25688064,-1.30272083,2.30320893,Au,-2.25688077,-1.30272073,-2.30320894,Au,-1.6e-07,2.56418822,-2.28837896,Au,2.25688064,-1.30272083,-2.30320893,Au,2.25688077,1.30272073,-2.30320894,Au,1.6e-07,-2.56418822,-2.28837896,Au,-2.25688064,1.30272083,-2.30320893
structure_817,-1555.676479,20,Au20,0.7298908376226609,0.89975428653644,1.0,67,6.7,Au,-0.0,0.0,-1.33114253,Au,0.0,-0.0,1.33197013,Au,2.50596358,0.54793593,2.28798901,Au,-1.75759223,1.92684187,2.3038043,Au,-0.78834036,-2.48059331,2.30283215,Au,-2.50596358,-0.54793593,2.28798901,Au,1.75759223,-1.92684187,2.3038043,Au,0.78834036,2.48059331,2.30283215,Au,-1.76090438,1.92837223,-2.30197135,Au,-0.78587864,-2.47755953,-2.30508698,Au,2.50601276,0.54702062,-2.28781398,Au,1.76090438,-1.92837223,-2.30197135,Au,0.78587864,2.47755953,-2.30508698,Au,-2.50601276,-0.54702062,-2.28781398,Au,2.5519395,-0.79568473,0.00065054,Au,-0.53956583,2.44882149,-0.0001765,Au,-1.97531908,-1.77735359,-0.00064097,Au,-2.5519395,0.79568473,0.00065054,Au,0.53956583,-2.44882149,-0.0001765,Au,1.97531908,1.77735359,-0.00064097
structure_761,-1553.63631,20,Au20,0.7815333578009767,0.9762738615863532,1.0,48,4.8,Au,-1.50785211,-2.23174941,-9e-07,Au,1.50785211,2.23174941,-2.18e-06,Au,2.23174975,-1.50785172,2.38e-06,Au,-2.23174975,1.50785172,6.1e-07,Au,-1.95891404,-2.90083765,2.47916391,Au,1.95891416,2.90083808,2.47916443,Au,2.90083659,-1.95891321,2.47916264,Au,-2.900837,1.95891362,2.47916335,Au,1.95891326,2.90083663,-2.47916269,Au,-1.95891338,-2.90083706,-2.47916321,Au,-2.9008376,1.95891397,-2.47916382,Au,2.90083801,-1.95891439,-2.47916453,Au,-1.87169901,-0.36266735,-1.83829377,Au,1.87169885,0.36266823,-1.8382938,Au,0.36266599,-1.87169919,-1.83829375,Au,-0.36266612,1.87169914,-1.83829357,Au,1.87169923,0.3626656,1.83829375,Au,-1.87169908,-0.36266648,1.83829378,Au,-0.36266774,1.87169896,1.83829379,Au,0.36266788,-1.87169891,1.8382936
structure_865,-1553.636314,20,Au20,0.7815076525030876,0.9762093167162214,1.0,48,4.8,Au,-2.47531778,-2.47912184,-2.47501154,Au,2.47531778,2.47912184,-2.47501154,Au,2.47531778,-2.47912184,2.47501154,Au,-2.47531778,2.47912184,2.47501154,Au,-2.47531778,-2.47912184,2.47501154,Au,2.47531778,2.47912184,2.47501154,Au,-2.47531778,2.47912184,-2.47501154,Au,2.47531778,-2.47912184,-2.47501154,Au,-0.0,1.83859792,1.90653723,Au,0.0,-1.83859792,1.90653723,Au,0.0,1.83859792,-1.90653723,Au,0.0,-1.83859792,-1.90653723,Au,1.90452784,0.0,1.90448687,Au,1.90452784,0.0,-1.90448687,Au,-1.90452784,0.0,1.90448687,Au,-1.90452784,-0.0,-1.90448687,Au,1.90652364,1.83837227,-0.0,Au,-1.90652364,1.83837227,-0.0,Au,1.90652364,-1.83837227,-0.0,Au,-1.90652364,-1.83837227,0.0
structure_858,-1553.636311,20,Au20,0.7814506476597103,0.9760681438298178,1.0,48,4.8,Au,-2.47896948,-2.47546835,-2.47512141,Au,2.47896948,2.47546835,-2.47512141,Au,2.47896948,-2.47546835,2.47512141,Au,-2.47896948,2.47546835,2.47512141,Au,-2.47896948,-2.47546835,2.47512141,Au,2.47896948,2.47546835,2.47512141,Au,-2.47896948,2.47546835,-2.47512141,Au,2.47896948,-2.47546835,-2.47512141,Au,-0.0,-1.90454642,-1.9044394,Au,0.0,1.90454642,-1.9044394,Au,0.0,-1.90454642,1.9044394,Au,0.0,1.90454642,1.9044394,Au,-1.83877628,0.0,-1.90654974,Au,-1.83877628,0.0,1.90654974,Au,1.83877628,0.0,-1.90654974,Au,1.83877628,0.0,1.90654974,Au,-1.83827349,-1.90652708,-0.0,Au,1.83827349,-1.90652708,-0.0,Au,-1.83827349,1.90652708,0.0,Au,1.83827349,1.90652708,0.0
structure_869,-1553.636297,20,Au20,0.7813385815266154,0.975790254920223,1.0,48,4.8,Au,2.47579946,2.47468746,2.47903365,Au,-2.47579936,-2.47468758,2.47903375,Au,-2.47579959,2.47468774,-2.47903401,Au,2.47579935,-2.47468746,-2.47903346,Au,2.47579936,2.47468758,-2.47903375,Au,-2.47579946,-2.47468746,-2.47903365,Au,2.47579959,-2.47468774,2.47903401,Au,-2.47579935,2.47468746,2.47903346,Au,2.9e-07,-1.9065539,-1.8392431,Au,1.4e-07,1.90655381,-1.83924315,Au,-1.4e-07,-1.90655381,1.83924315,Au,-2.9e-07,1.9065539,1.8392431,Au,-1.90652762,-2.3e-07,-1.83706407,Au,-1.9065277,3.7e-07,1.83706404,Au,1.9065277,-3.7e-07,-1.83706404,Au,1.90652762,2.3e-07,1.83706407,Au,-1.90458173,-1.90456419,-1.5e-07,Au,1.90458181,-1.90456424,-8.3e-07,Au,-1.90458181,1.90456424,8.3e-07,Au,1.90458173,1.90456419,1.5e-07
structure_821,-1555.676459,20,Au20,0.728899835528042,0.8972938540969595,1.0,67,6.7,Au,0.0011709,-0.00062169,-1.33152039,Au,-0.0011709,0.00062169,1.33152039,Au,0.12699465,-2.61415646,-2.29858283,Au,2.15497706,1.39134822,-2.28771505,Au,-2.30590881,1.18748305,-2.30812644,Au,-0.12699465,2.61415646,2.29858283,Au,-2.15497706,-1.39134822,2.28771505,Au,2.30590881,-1.18748305,2.30812644,Au,2.30949978,-1.19053776,-2.30323042,Au,-0.12358252,2.61129881,-2.30268586,Au,-2.15140318,-1.39458495,-2.28877106,Au,-2.30949978,1.19053776,2.30323042,Au,0.12358252,-2.61129881,2.30268586,Au,2.15140318,1.39458495,2.28877106,Au,1.24070855,2.38534449,-0.00093835,Au,-2.63836827,-0.14932511,-0.00170126,Au,1.35107795,-2.11096594,0.00251117,Au,-1.24070855,-2.38534449,0.00093835,Au,2.63836827,0.14932511,0.00170126,Au,-1.35107795,2.11096594,-0.00251117
structure_860,-1553.647827,20,Au20,0.7775219350474665,0.9667987166209897,1.0,48,4.8,Au,2.47899645,2.47139863,2.48381432,Au,-2.47899645,-2.47139863,2.48381432,Au,-2.47899645,2.47139863,-2.48381432,Au,2.47899645,-2.47139863,-2.48381432,Au,2.47899645,2.47139863,-2.48381432,Au,-2.47899645,-2.47139863,-2.48381432,Au,2.47899645,-2.47139863,2.48381432,Au,-2.47899645,2.47139863,2.48381432,Au,-0.0,1.90494435,1.90439777,Au,0.0,-1.90494435,1.90439777,Au,0.0,1.90494435,-1.90439777,Au,0.0,-1.90494435,-1.90439777,Au,1.83754965,-0.0,1.90251411,Au,1.83754965,0.0,-1.90251411,Au,-1.83754965,0.0,1.90251411,Au,-1.83754965,0.0,-1.90251411,Au,1.83334429,1.95898468,-0.0,Au,-1.83334429,1.95898468,-0.0,Au,1.83334429,-1.95898468,0.0,Au,-1.83334429,-1.95898468,0.0
structure_760,-1553.639651,20,Au20,0.7773506707519422,0.9660809959492497,1.0,48,4.8,Au,-1.63361267,1.99998325,-1.468e-05,Au,1.63361657,-1.99998075,-1.952e-05,Au,-1.99967095,-1.63405446,-2.079e-05,Au,1.99967244,1.63405485,-1.352e-05,Au,2.22670428,-2.72691088,2.45050225,Au,-2.22668692,2.72690988,2.45049761,Au,2.72688052,2.22675488,2.45050291,Au,-2.72685628,-2.22673987,2.45049415,Au,-2.22664233,2.72685326,-2.45064875,Au,2.22665699,-2.72684339,-2.45064811,Au,-2.72678171,-2.22666997,-2.45064501,Au,2.72681695,2.22669905,-2.45066182,Au,0.18692059,1.85197135,1.98172789,Au,-0.18697327,-1.8519604,1.9817285,Au,-1.85178916,0.18695203,1.98194145,Au,1.85179764,-0.18697833,1.98194048,Au,-0.18701971,-1.85196367,-1.98156378,Au,0.18696041,1.85198138,-1.9815634,Au,1.85181982,-0.18695379,-1.9817674,Au,-1.85181323,0.18689561,-1.98176847
structure_987,-1553.639654,20,Au20,0.7772093254005596,0.9657316335833246,1.0,48,4.8,Au,-1.82598402,-1.82598551,6.89e-06,Au,1.82598382,1.82598535,6.64e-06,Au,1.82598269,-1.82598439,-4.85e-06,Au,-1.8259824,1.82598417,-4.82e-06,Au,1.86104924,8.63e-06,-1.98171353,Au,-1.86104851,-7.26e-06,-1.98171382,Au,-5.833e-05,1.86104907,-1.98171413,Au,5.79e-05,-1.86104951,-1.98171398,Au,-1.86104969,3.336e-05,1.98171247,Au,1.86104899,-3.194e-05,1.98171246,Au,3.34e-05,1.86105023,1.98171292,Au,-3.337e-05,-1.86105117,1.98171258,Au,2.48912651,2.48899801,2.4510281,Au,-2.48912718,-2.48899782,2.45102817,Au,-2.48899408,2.48913019,2.45102888,Au,2.48899517,-2.48913072,2.45102896,Au,-2.4891152,2.48898631,-2.45102405,Au,2.48911618,-2.48898704,-2.45102421,Au,2.48900451,2.48914095,-2.45103232,Au,-2.48900564,-2.48914091,-2.45103237
structure_141,-1553.639366,20,Au20,0.7769300950361715,0.9650438464744959,1.0,48,4.8,Au,1.81795448,1.81795449,-2e-08,Au,-1.8179545,-1.81795449,1.06e-06,Au,-1.81795439,1.81795437,-1.63e-06,Au,1.81795437,-1.81795439,6e-07,Au,-1.86078853,5.91e-06,-1.98883804,Au,1.86078874,-1.15e-06,-1.98883806,Au,2.97e-06,-1.8607891,-1.98883807,Au,-4.1e-06,1.86078818,-1.98883804,Au,1.86078843,-3.17e-06,1.98883805,Au,-1.86078884,-1.35e-06,1.98883805,Au,1.96e-06,-1.8607882,1.98883803,Au,1.4e-07,1.86078907,1.98883807,Au,-2.49106657,-2.49106719,-2.44561238,Au,2.49106614,2.49106551,-2.4456117,Au,2.49106407,-2.49106446,-2.4456112,Au,-2.49106271,2.49106232,-2.44561,Au,2.49106368,-2.49106342,2.44561059,Au,-2.49106536,2.49106562,2.44561188,Au,-2.49106521,-2.4910645,2.44561114,Au,2.49106524,2.49106594,2.44561167
structure_140,-1553.635898,20,Au20,0.7753558818245094,0.961467486601813,1.0,48,4.8,Au,-1.83011033,-1.9430204,0.0,Au,1.83011033,1.94302041,-0.0,Au,1.8309687,-1.94226174,-1e-08,Au,-1.8309687,1.94226174,-1e-08,Au,-1.79915675,-0.00015865,-1.92756761,Au,1.79915675,0.00015865,-1.92756761,Au,0.0005486,-1.94723784,-1.90439152,Au,-0.0005486,1.94723784,-1.90439152,Au,1.79915675,0.00015865,1.92756761,Au,-1.79915675,-0.00015866,1.92756761,Au,0.00054858,-1.94723784,1.90439152,Au,-0.00054858,1.94723784,1.90439152,Au,-2.4883028,-2.4670763,2.47801495,Au,2.4883028,2.46707631,2.47801495,Au,2.4894796,-2.46687092,2.47772025,Au,-2.4894796,2.46687092,2.47772025,Au,2.48947959,-2.46687091,-2.47772024,Au,-2.48947959,2.46687091,-2.47772024,Au,-2.4883028,-2.46707631,-2.47801496,Au,2.4883028,2.46707631,-2.47801495
structure_867,-1555.239135,20,Au20,0.7082337238496739,0.8763633812664611,0.6,52,5.2,Au,1.32200613,2.49176627,1.32124759,Au,-1.33303999,-2.49354513,1.33122952,Au,-1.31854314,2.48820639,-1.31902369,Au,1.33001173,-2.49253534,-1.33255573,Au,1.33303999,2.49354513,-1.33122952,Au,-1.32200613,-2.49176626,-1.32124759,Au,1.31854314,-2.48820639,1.31902369,Au,-1.33001172,2.49253534,1.33255573,Au,0.00240386,1.30259206,3.24255483,Au,-0.00153549,-1.29924439,3.23956533,Au,0.00153549,1.29924439,-3.23956533,Au,-0.00240386,-1.30259206,-3.24255483,Au,1.99156449,0.00100687,1.99120036,Au,1.99442811,0.00027609,-1.99476866,Au,-1.99442811,-0.00027609,1.99476866,Au,-1.99156449,-0.00100688,-1.99120036,Au,3.24371578,1.30396651,0.00104535,Au,-3.23831014,1.29781918,0.00118876,Au,3.23831014,-1.29781918,-0.00118876,Au,-3.24371578,-1.30396651,-0.00104536
structure_320,-1555.674627,20,Au20,0.6923338236314854,0.8810266257861897,0.9,67,6.7,Au,0.0,0.0,1.33325376,Au,-0.0,0.0,-1.33325376,Au,2.75789756,1e-08,0.0,Au,-1.29530197,2.18182304,-0.0,Au,-1.29530201,-2.1818231,0.0,Au,-2.75789756,-1e-08,-0.0,Au,1.29530197,-2.18182304,0.0,Au,1.29530201,2.1818231,-0.0,Au,-0.0,-2.58360664,2.31493463,Au,2.25419776,1.2895016,2.29200971,Au,-2.25419778,1.28950161,2.29200972,Au,0.0,2.58360664,2.31493463,Au,-2.25419776,-1.2895016,2.29200971,Au,2.25419778,-1.28950161,2.29200972,Au,-2.25419776,-1.2895016,-2.29200971,Au,0.0,2.58360664,-2.31493463,Au,2.25419778,-1.28950161,-2.29200972,Au,2.25419776,1.2895016,-2.29200971,Au,-0.0,-2.58360664,-2.31493463,Au,-2.25419778,1.28950161,-2.29200972
structure_960,-1555.67464,20,Au20,0.6922577953096452,0.8808453906594034,0.9,67,6.7,Au,-1.6e-07,2.2e-07,-1.33327331,Au,1.5e-07,-6.2e-07,1.33327364,Au,2.75940019,-5.876e-05,3.58e-06,Au,-1.29520947,2.18029865,-0.00021135,Au,-1.295213,-2.18045375,0.00019439,Au,-2.75940016,5.952e-05,8.72e-06,Au,1.29520828,-2.1802988,-0.00020161,Au,1.29521441,2.18045341,0.00020273,Au,-0.00062245,2.58453659,2.31413879,Au,-2.25296599,-1.28932496,2.29283954,Au,2.25438253,-1.28949588,2.29222805,Au,0.00065026,-2.58453517,2.31413828,Au,2.25295267,1.28935575,2.29283846,Au,-2.25439814,1.28946383,2.29222965,Au,2.25432589,1.28943784,-2.29223887,Au,-0.00068685,-2.58451881,-2.31414069,Au,-2.25303473,1.28938105,-2.29282507,Au,-2.2543143,-1.28946404,-2.29223793,Au,0.00066311,2.58451801,-2.31414069,Au,2.25304775,-1.28935408,-2.29282632
structure_956,-1555.674641,20,Au20,0.6918436288913511,0.8798230580963217,0.9,67,6.7,Au,-0.0,0.0,-1.33356279,Au,-0.0,-1e-08,1.33356252,Au,2.17874834,-1.29514069,0.00011568,Au,-6.61e-06,2.7618499,-2.6e-07,Au,-2.17875568,-1.29513519,-0.00011642,Au,-2.17874834,1.29514069,0.00011578,Au,6.61e-06,-2.7618499,-1.8e-07,Au,2.17875568,1.29513519,-0.00011632,Au,-1.2897497,-2.25477694,2.29253286,Au,2.58296966,-2.08e-06,2.31446705,Au,-1.28924005,2.25459771,2.29272367,Au,1.28975014,2.25477679,2.29253285,Au,-2.58296965,2.38e-06,2.31446705,Au,1.28923961,-2.25459786,2.29272368,Au,-1.2892405,-2.25459624,-2.29272629,Au,-1.28974899,2.2547775,-2.29252931,Au,2.5829691,5.21e-06,-2.31446699,Au,1.28924007,2.25459639,-2.2927263,Au,1.28974942,-2.25477736,-2.2925293,Au,-2.5829691,-5.5e-06,-2.31446699
structure_318,-1555.674641,20,Au20,0.6917820257723097,0.8796706378421506,0.9,67,6.7,Au,-0.0,-0.0,1.33374613,Au,-0.0,0.0,-1.33374613,Au,2.76275267,-0.0,0.0,Au,-1.29516719,2.17867178,-0.0,Au,-1.29516718,-2.17867176,0.0,Au,-2.76275267,0.0,-0.0,Au,1.29516719,-2.17867178,0.0,Au,1.29516718,2.17867176,-0.0,Au,0.0,2.58234429,-2.31465415,Au,-2.25508788,-1.28943393,-2.29234098,Au,2.25508787,-1.28943392,-2.29234098,Au,-0.0,-2.58234429,-2.31465415,Au,2.25508788,1.28943393,-2.29234098,Au,-2.25508787,1.28943392,-2.29234098,Au,2.25508788,1.28943393,2.29234098,Au,-0.0,-2.58234429,2.31465415,Au,-2.25508787,1.28943392,2.29234098,Au,-2.25508788,-1.28943393,2.29234098,Au,0.0,2.58234429,2.31465415,Au,2.25508787,-1.28943392,2.29234098
structure_941,-1555.674608,20,Au20,0.6914815182595535,0.8789308983341507,0.9,67,6.7,Au,-0.0014734,0.0,1.33349984,Au,0.0014734,-0.0,-1.33349984,Au,-2.76429565,4e-08,0.00090454,Au,1.29519417,-2.17755351,-0.00095197,Au,1.29519398,2.17755321,-0.00095197,Au,-1.29519417,2.17755351,0.00095197,Au,2.76429565,-4e-08,-0.00090454,Au,-1.29519398,-2.17755321,0.00095197,Au,2.25614537,-1.28952096,-2.29367082,Au,0.00031492,2.58139184,-2.31498456,Au,-2.25506602,-1.28936041,-2.29137528,Au,2.25506591,-1.28936034,2.29137523,Au,-2.25614547,-1.28952103,2.29367086,Au,-0.00031492,2.58139184,2.31498456,Au,-2.25614537,1.28952096,2.29367082,Au,-0.00031492,-2.58139184,2.31498456,Au,2.25506602,1.28936041,2.29137528,Au,-2.25506591,1.28936034,-2.29137523,Au,2.25614547,1.28952103,-2.29367086,Au,0.00031492,-2.58139184,-2.31498456
structure_313,-1555.674617,20,Au20,0.6913885927174575,0.8787047079206609,0.9,67,6.7,Au,-0.0,0.0,1.33398716,Au,0.0,0.0,-1.33398716,Au,0.0,2.76618941,-0.0,Au,-2.17651718,-1.29521356,-0.0,Au,2.17651715,-1.29521355,-0.0,Au,-0.0,-2.76618941,0.0,Au,2.17651718,1.29521356,0.0,Au,-2.17651715,1.29521355,0.0,Au,2.58124038,-0.0,-2.31431702,Au,-1.28950258,2.25584356,-2.29265681,Au,-1.28950257,-2.25584355,-2.2926568,Au,-2.58124038,0.0,-2.31431702,Au,1.28950258,-2.25584356,-2.29265681,Au,1.28950257,2.25584355,-2.2926568,Au,-1.28950258,2.25584356,2.29265681,Au,2.58124038,-0.0,2.31431702,Au,-1.28950257,-2.25584355,2.2926568,Au,1.28950258,-2.25584356,2.29265681,Au,-2.58124038,0.0,2.31431702,Au,1.28950257,2.25584355,2.2926568
structure_957,-1555.674592,20,Au20,0.6910173375507651,0.8777843793081799,0.9,67,6.7,Au,-0.0,0.0,-1.33425064,Au,-0.0,-0.0,1.33424965,Au,-2.17575874,1.29509636,-0.00028949,Au,6.03e-06,-2.76797519,-2.11e-06,Au,2.17566161,1.29503972,0.00027907,Au,2.17575874,-1.29509636,-0.00028949,Au,-6.03e-06,2.76797519,-2.11e-06,Au,-2.17566161,-1.29503972,0.00027907,Au,2.57904249,0.00066731,-2.31546035,Au,-1.28929165,2.25620948,-2.29246353,Au,-1.28968308,-2.25785186,-2.29174475,Au,-2.57904249,-0.00066731,-2.31546035,Au,1.28929165,-2.25620948,-2.29246353,Au,1.28968308,2.25785186,-2.29174475,Au,-1.28963376,2.25777443,2.29173499,Au,2.57905483,-0.00064987,2.31546077,Au,-1.28934863,-2.25628557,2.29248588,Au,1.28963376,-2.25777443,2.29173499,Au,-2.57905483,0.00064987,2.31546077,Au,1.28934863,2.25628557,2.29248588
structure_820,-1553.490919,20,Au20,0.712003493732852,0.9504353784242662,0.8,52,5.2,Au,-2.73988291,0.18045054,2.54719392,Au,2.73988291,-0.18045054,2.54719392,Au,-0.18045054,-2.73988291,2.54719392,Au,0.18045054,2.73988291,2.54719392,Au,-2.11955361,2.41862496,1.34691934,Au,2.11955361,-2.41862496,1.34691934,Au,-2.41862496,-2.11955361,1.34691934,Au,2.41862496,2.11955361,1.34691934,Au,0.12255594,1.85589292,-2.6090567,Au,-0.12255594,-1.85589292,-2.6090567,Au,-1.85589292,0.12255594,-2.6090567,Au,1.85589292,-0.12255594,-2.6090567,Au,-2.40741963,-2.10980592,-1.31317002,Au,2.40741963,2.10980592,-1.31317002,Au,2.10980592,-2.40741963,-1.31317002,Au,-2.10980592,2.40741963,-1.31317002,Au,0.12870188,1.9546715,0.02811345,Au,-0.12870188,-1.9546715,0.02811345,Au,-1.9546715,0.12870188,0.02811345,Au,1.9546715,-0.12870188,0.02811345
structure_85,-1549.369581,20,Au20,0.7992555883321963,0.9349365309570208,1.0,43,4.3,Au,0.0,-0.0,3.80537498,Au,0.0,0.0,-3.80537498,Au,0.0,0.0,-1.25712071,Au,-0.0,-0.0,1.25712071,Au,1.68924392,1.68924392,-2.25684935,Au,-1.68924392,-1.68924392,-2.25684935,Au,-1.68924392,1.68924392,-2.25684935,Au,1.68924392,-1.68924392,-2.25684935,Au,-1.68924392,1.68924392,2.25684935,Au,1.68924392,-1.68924392,2.25684935,Au,1.68924392,1.68924392,2.25684935,Au,-1.68924392,-1.68924392,2.25684935,Au,3.1082209,1.28993882,-0.0,Au,-3.1082209,-1.28993882,0.0,Au,-1.28993882,3.1082209,0.0,Au,1.28993882,-3.1082209,0.0,Au,-3.1082209,1.28993882,-0.0,Au,3.1082209,-1.28993882,-0.0,Au,1.28993882,3.1082209,-0.0,Au,-1.28993882,-3.1082209,-0.0
structure_84,-1549.369602,20,Au20,0.7989679697513492,0.9341937811970242,1.0,43,4.3,Au,0.0,-0.0,1.25707927,Au,-0.0,-0.0,-1.25707927,Au,0.0,-0.0,-3.80545555,Au,0.0,0.0,3.80545555,Au,-1.68886498,-1.68886498,-2.25793667,Au,1.68886498,1.68886498,-2.25793667,Au,1.68886498,-1.68886498,-2.25793667,Au,-1.68886498,1.68886498,-2.25793667,Au,1.68886498,-1.68886498,2.25793667,Au,-1.68886498,1.68886498,2.25793667,Au,-1.68886498,-1.68886498,2.25793667,Au,1.68886498,1.68886498,2.25793667,Au,-1.28990937,3.107982,-0.0,Au,1.28990937,-3.107982,-0.0,Au,-3.107982,-1.28990937,-0.0,Au,3.107982,1.28990937,0.0,Au,1.28990937,3.107982,-0.0,Au,-1.28990937,-3.107982,-0.0,Au,3.107982,-1.28990937,0.0,Au,-3.107982,1.28990937,0.0
structure_87,-1549.369596,20,Au20,0.7988227749507342,0.9338170006052129,1.0,43,4.3,Au,-0.0,0.0,1.25700144,Au,-1e-08,1e-08,-1.25700145,Au,-0.0,-0.0,3.80532464,Au,-0.0,0.0,-3.80532464,Au,1.6885623,1.68856231,-2.25871661,Au,-1.68856229,-1.68856231,-2.25871661,Au,-1.68881352,1.68881353,-2.25818803,Au,1.68881351,-1.68881352,-2.25818802,Au,-1.68881352,1.68881353,2.25818803,Au,1.68881351,-1.68881353,2.25818803,Au,1.6885623,1.68856231,2.25871661,Au,-1.68856229,-1.68856231,2.25871661,Au,-3.10796703,1.28988645,-0.0,Au,3.10796703,-1.28988645,0.0,Au,-1.28987824,-3.10777562,0.0,Au,1.28987824,3.10777561,-0.0,Au,3.10777561,1.28987823,0.0,Au,-3.10777559,-1.28987823,0.0,Au,1.28988645,-3.10796703,0.0,Au,-1.28988645,3.10796703,-0.0
structure_849,-1554.97959,20,Au20,0.6496782841006269,0.8956429997493415,0.7,63,6.3,Au,-0.00485051,-0.00085502,-2.3122134,Au,-0.00485051,-0.00085502,2.3122134,Au,3.1232102,0.50656975,0.0,Au,-1.98834519,2.4598295,-0.0,Au,-1.10936264,-2.96147638,-0.0,Au,0.53267452,1.45437557,-0.0,Au,-1.58569905,-0.25715609,0.0,Au,0.96509993,-1.212471,-0.0,Au,2.04293377,1.66219316,2.15036467,Au,-2.45407958,0.93876023,2.18205329,Au,0.43628105,-2.63977804,2.17574903,Au,2.04293376,1.66219316,-2.15036466,Au,-2.45407957,0.93876023,-2.18205329,Au,0.43628105,-2.63977806,-2.17574903,Au,-2.03214696,-1.66606343,2.18251682,Au,2.46306951,-0.9314986,2.15008695,Au,-0.41999616,2.64240604,2.17549672,Au,-2.03214695,-1.66606343,-2.18251681,Au,2.4630695,-0.93149861,-2.15008695,Au,-0.41999616,2.64240605,-2.17549672
structure_813,-1553.104733,20,Au20,0.6810245438652859,0.9801943630052018,0.7,54,5.4,Au,-2.40385766,-2.42481304,-2.39622,Au,2.40385766,2.42481304,-2.39621999,Au,2.40385766,-2.42481305,2.39622,Au,-2.40385766,2.42481305,2.39622,Au,2.40385766,2.42481304,2.39621999,Au,-2.40385766,-2.42481304,2.39621999,Au,-2.40385766,2.42481304,-2.39622,Au,2.40385766,-2.42481304,-2.39622,Au,-0.0,-2.11133577,1.41101737,Au,1e-08,2.11133577,1.41101737,Au,-0.0,-2.11133577,-1.41101737,Au,0.0,2.11133577,-1.41101737,Au,1.40244162,0.0,-2.23841154,Au,1.40244162,0.0,2.23841154,Au,-1.40244162,-0.0,-2.23841154,Au,-1.40244162,-0.0,2.23841154,Au,-2.14363707,1.38365332,-0.0,Au,2.14363707,1.38365332,0.0,Au,-2.14363707,-1.38365332,0.0,Au,2.14363707,-1.38365332,-0.0
structure_814,-1553.104766,20,Au20,0.68085862568189,0.9798126384722606,0.7,54,5.4,Au,2.40699322,2.39485628,2.42415685,Au,-2.40699409,-2.39485596,2.4241566,Au,-2.40699106,2.39485418,-2.42415471,Au,2.40699597,-2.39485778,-2.42415862,Au,-2.40700074,-2.39486287,-2.42416313,Au,2.4070034,2.3948636,-2.42416356,Au,2.4070003,-2.39486176,2.42416157,Au,-2.40700344,2.39486435,2.42416484,Au,-1.372e-05,1.41520831,-2.11609877,Au,4.84e-06,-1.41520794,-2.11609947,Au,1.104e-05,1.41520796,2.11609945,Au,-6.72e-06,-1.41520833,2.11609875,Au,-2.13648976,-7.75e-06,1.38338739,Au,-2.13648848,8.01e-06,-1.38338818,Au,2.13648893,4.62e-06,1.38338786,Au,2.13649022,-4.94e-06,-1.38338706,Au,1.40147761,-2.23958324,-2.18e-06,Au,-1.40147755,-2.23958315,5.59e-06,Au,1.40147759,2.2395833,6.05e-06,Au,-1.40147756,2.2395831,-9.26e-06
structure_866,-1545.254021,20,Au20,0.8659166231081334,0.98038093602645,1.0,24,2.4,Au,-2.53736852,-2.55471824,-2.53873208,Au,2.5538997,2.53509729,-2.53547942,Au,2.52216204,-2.52024689,2.5198481,Au,-2.53788454,2.53891253,2.55490847,Au,-2.5538997,-2.53509729,2.53547942,Au,2.53736852,2.55471824,2.53873208,Au,-2.52216205,2.52024689,-2.5198481,Au,2.53788454,-2.53891253,-2.55490847,Au,-0.00027581,2.77541601,2.77574002,Au,-0.014383,-2.75370126,2.75401426,Au,0.014383,2.75370123,-2.75401425,Au,0.00027581,-2.77541598,-2.77574004,Au,2.76027297,0.01557632,2.75864369,Au,2.77873532,-0.00174985,-2.77684599,Au,-2.77873534,0.00174985,2.77684601,Au,-2.76027294,-0.01557633,-2.75864371,Au,2.77789021,2.7757158,0.00150363,Au,-2.76004851,2.75815945,0.01585154,Au,2.76004853,-2.75815943,-0.01585154,Au,-2.77789022,-2.77571582,-0.00150363
structure_33,-1548.886606,20,Au20,0.7611800661507986,0.709348850303989,1.0,32,3.2,Au,3.35394136,-6.19e-06,-1.19221269,Au,-3.35394136,6.19e-06,-1.19221269,Au,-6.19e-06,3.35394147,-1.19221301,Au,6.19e-06,-3.35394147,-1.19221301,Au,-1.29536862,3.11816317,-3.43740032,Au,1.29536862,-3.11816317,-3.43740032,Au,-3.11817151,-1.29537219,-3.43741086,Au,3.11817151,1.29537219,-3.43741086,Au,-1.29537219,-3.11817216,-3.43741123,Au,1.29537219,3.11817216,-3.43741123,Au,-3.11816252,1.29536863,-3.43739995,Au,3.11816252,-1.29536863,-3.43739995,Au,-3.11810767,1.29538381,1.05302203,Au,3.11810767,-1.29538381,1.05302203,Au,-1.29538395,-3.11811447,1.05303397,Au,1.29538395,3.11811447,1.05303397,Au,-3.11811456,-1.29538397,1.05303432,Au,3.11811456,1.29538397,1.05303432,Au,-1.29538379,3.11810758,1.05302168,Au,1.29538379,-3.11810758,1.05302168
structure_156,-1548.886641,20,Au20,0.7610068926424363,0.7078693880963404,1.0,32,3.2,Au,2.3780899,2.3780899,0.0,Au,-2.3780899,-2.3780899,-0.0,Au,-2.3780899,2.3780899,-0.0,Au,2.3780899,-2.3780899,-0.0,Au,3.12067256,-1.28872514,2.2439813,Au,-3.12067256,1.28872514,2.2439813,Au,1.28872514,3.12067256,2.2439813,Au,-1.28872514,-3.12067256,2.2439813,Au,-3.12067256,-1.28872514,-2.2439813,Au,3.12067256,1.28872514,-2.2439813,Au,-1.28872514,3.12067256,-2.2439813,Au,1.28872514,-3.12067256,-2.2439813,Au,-3.12067256,1.28872514,-2.2439813,Au,3.12067256,-1.28872514,-2.2439813,Au,-1.28872514,-3.12067256,-2.2439813,Au,1.28872514,3.12067256,-2.2439813,Au,3.12067256,1.28872514,2.2439813,Au,-3.12067256,-1.28872514,2.2439813,Au,1.28872514,-3.12067256,2.2439813,Au,-1.28872514,3.12067256,2.2439813
structure_32,-1548.886616,20,Au20,0.7608858373196419,0.7072570377485236,1.0,32,3.2,Au,-3.36554198,-0.0,0.53413071,Au,3.36554198,-0.0,0.53413071,Au,-0.0,-3.36554198,0.53413071,Au,-0.0,3.36554198,0.53413071,Au,3.11825507,1.29541809,2.77774151,Au,-3.11825507,-1.29541809,2.77774151,Au,-1.29541809,3.11825507,2.77774151,Au,1.29541809,-3.11825507,2.77774151,Au,3.11825507,-1.29541809,2.77774151,Au,-3.11825507,1.29541809,2.77774151,Au,-1.29541809,-3.11825507,2.77774151,Au,1.29541809,3.11825507,2.77774151,Au,-3.11825443,1.29551876,-1.70928899,Au,3.11825443,-1.29551876,-1.70928899,Au,-1.29551876,-3.11825443,-1.70928899,Au,1.29551876,3.11825443,-1.70928899,Au,-3.11825443,-1.29551876,-1.70928899,Au,3.11825443,1.29551876,-1.70928899,Au,-1.29551876,3.11825443,-1.70928899,Au,1.29551876,-3.11825443,-1.70928899
structure_750,-1550.651153,20,Au20,0.7139365212060294,0.838921581484373,1.0,59,5.9,Au,2e-08,1e-08,3.81544471,Au,0.0,2e-08,-3.8154288,Au,-2e-07,9.2e-07,-1.26190658,Au,1.48e-06,2.5e-07,1.26188649,Au,-1.83836046,-1.53765946,8e-08,Au,1.8383603,1.53765938,1.2e-07,Au,1.53765943,-1.83836036,1.7e-07,Au,-1.53765941,1.8383604,3e-08,Au,-3.68203634,0.32188305,1e-08,Au,3.68203636,-0.32188305,-2e-08,Au,-0.32188305,-3.68203636,-0.0,Au,0.32188305,3.68203633,0.0,Au,2.34194079,-0.43869375,2.26468942,Au,-2.34194214,0.43869396,2.26469003,Au,0.43869382,2.34194123,2.26468961,Au,-0.43869389,-2.34194169,2.26468984,Au,-2.34193838,0.4386934,-2.26468869,Au,2.34193877,-0.43869346,-2.26468886,Au,-0.43869351,-2.34193898,-2.26468896,Au,0.43869336,2.34193817,-2.26468859
structure_322,-1551.880711,20,Au20,0.6813724942604775,0.5952966818501925,1.0,42,4.2,Au,0.0,-0.0,3.18023648,Au,-0.0,0.0,-3.18023648,Au,-2.70486681,-0.0,0.0,Au,1.32402504,-2.32135861,-0.0,Au,1.32402503,2.32135862,0.0,Au,2.70486681,0.0,0.0,Au,-1.32402504,2.32135861,-0.0,Au,-1.32402503,-2.32135862,-0.0,Au,-2.67685958,0.0,-2.60995296,Au,1.29699099,-2.20477296,-2.59949619,Au,1.29699099,2.20477296,-2.59949619,Au,2.67685958,-0.0,-2.60995296,Au,-1.29699099,2.20477296,-2.59949619,Au,-1.29699099,-2.20477296,-2.59949619,Au,1.29699099,-2.20477296,2.59949619,Au,-2.67685958,0.0,2.60995296,Au,1.29699099,2.20477296,2.59949619,Au,-1.29699099,2.20477296,2.59949619,Au,2.67685958,-0.0,2.60995296,Au,-1.29699099,-2.20477296,2.59949619
structure_325,-1551.880754,20,Au20,0.6813500571859878,0.5952176047635719,1.0,42,4.2,Au,-0.0,0.0,-3.17770647,Au,0.0,-0.0,3.17770647,Au,2.70921118,-3.5e-07,0.0,Au,-1.32431307,2.31937619,0.0,Au,-1.32431342,-2.31937682,-0.0,Au,-2.70921118,3.5e-07,-0.0,Au,1.32431307,-2.31937619,0.0,Au,1.32431342,2.31937682,-0.0,Au,2.67656357,2.9e-07,-2.60991762,Au,-1.29717083,2.20514385,-2.59965413,Au,-1.29717118,-2.20514404,-2.59965424,Au,-2.67656357,-2.9e-07,-2.60991762,Au,1.29717083,-2.20514385,-2.59965413,Au,1.29717118,2.20514404,-2.59965424,Au,-1.29717083,2.20514385,2.59965413,Au,2.67656357,2.9e-07,2.60991762,Au,-1.29717118,-2.20514404,2.59965424,Au,1.29717083,-2.20514385,2.59965413,Au,-2.67656357,-2.9e-07,2.60991762,Au,1.29717118,2.20514404,2.59965424
structure_324,-1551.880767,20,Au20,0.6810928256239945,0.594612582329629,1.0,42,4.2,Au,-0.0,0.0,-3.17847806,Au,0.0,-0.0,3.17847806,Au,-2.71285397,0.0,-0.0,Au,1.32469913,-2.3165267,-0.0,Au,1.32469913,2.3165267,-0.0,Au,2.71285397,-0.0,0.0,Au,-1.32469913,2.3165267,0.0,Au,-1.32469913,-2.3165267,0.0,Au,-2.67703496,-0.0,2.60969316,Au,1.2970586,-2.20509113,2.59980215,Au,1.2970586,2.20509113,2.59980215,Au,2.67703496,0.0,2.60969316,Au,-1.2970586,2.20509113,2.59980215,Au,-1.2970586,-2.20509113,2.59980215,Au,1.2970586,-2.20509113,-2.59980215,Au,-2.67703496,-0.0,-2.60969316,Au,1.2970586,2.20509113,-2.59980215,Au,-1.2970586,2.20509113,-2.59980215,Au,2.67703496,0.0,-2.60969316,Au,-1.2970586,-2.20509113,-2.59980215
structure_40,-1550.210638,20,Au20,0.7085510732913305,0.8602388192338228,1.0,47,4.7,Au,0.0,0.0,1.2844214,Au,0.0,0.0,-1.2844214,Au,-0.0,0.0,-3.93293748,Au,0.0,0.0,3.93293748,Au,2.25096967,2e-08,-0.0,Au,-2.25096967,-2e-08,-0.0,Au,2e-08,2.27596211,0.0,Au,-2e-08,-2.27596211,0.0,Au,-4.81005009,-0.0,0.0,Au,4.81005009,0.0,0.0,Au,-0.0,-4.86510393,0.0,Au,0.0,4.86510393,0.0,Au,2.24794274,1e-07,-2.59408885,Au,-2.24794274,-1e-07,-2.59408885,Au,1e-07,2.25089599,-2.64175555,Au,-1e-07,-2.25089599,-2.64175555,Au,-2.24794274,-1e-07,2.59408885,Au,2.24794274,1e-07,2.59408885,Au,1e-07,2.25089599,2.64175555,Au,-1e-07,-2.25089599,2.64175555
structure_2,-1549.729217,20,Au20,0.720705591637866,0.8035370091629017,1.0,40,4.0,Au,4.07272589,-0.00211158,-1.31636029,Au,-4.07272589,0.00211158,-1.31636029,Au,-0.00231751,4.11817623,-1.29722086,Au,0.00231751,-4.11817623,-1.29722086,Au,-4.11792229,0.00209361,1.29745972,Au,4.11792229,-0.00209361,1.29745972,Au,0.00241444,-4.07327161,1.31659883,Au,-0.00241444,4.07327161,1.31659883,Au,-1.81205472,0.00035345,-2.63464312,Au,1.81205472,-0.00035345,-2.63464312,Au,-0.00014284,-1.90550494,-2.6986215,Au,0.00014284,1.90550494,-2.6986215,Au,1.8453623,-0.00019099,0.03621126,Au,-1.8453623,0.00019099,0.03621126,Au,0.00021575,1.84584349,-0.03597961,Au,-0.00021575,-1.8458435,-0.03597961,Au,1.90538579,-0.00023963,2.69867229,Au,-1.90538579,0.00023964,2.69867229,Au,0.00039068,1.81188527,2.63388328,Au,-0.00039068,-1.81188527,2.63388328
structure_39,-1550.21064,20,Au20,0.7084787671352915,0.860054330806028,1.0,47,4.7,Au,0.0,-0.0,1.28427564,Au,0.0,-0.0,-1.28427564,Au,-0.0,-0.0,-3.93343025,Au,0.0,-0.0,3.93343023,Au,-2.27617736,-2.506e-05,-0.0,Au,2.27617736,2.506e-05,-0.0,Au,-2.008e-05,-2.25103835,-1e-08,Au,2.008e-05,2.25103835,-1e-08,Au,4.86531487,6e-06,1e-08,Au,-4.86531487,-6e-06,1e-08,Au,7.21e-06,4.81019239,3e-08,Au,-7.21e-06,-4.81019239,3e-08,Au,-2.25053398,8.462e-05,-2.64199468,Au,2.25053398,-8.462e-05,-2.64199468,Au,8.328e-05,-2.24762769,-2.59429906,Au,-8.328e-05,2.24762769,-2.59429906,Au,2.25053399,-8.462e-05,2.64199468,Au,-2.25053399,8.462e-05,2.64199468,Au,8.328e-05,-2.24762771,2.59429905,Au,-8.328e-05,2.24762771,2.59429905
structure_919,-1555.881308,20,Au20,0.5556757544511843,0.35079638177349615,1.0,54,5.4,Au,-0.0,0.0,-2.0463836,Au,0.0,0.0,2.0463836,Au,-3.52856696,2.03721909,0.0,Au,0.0,-4.07443817,0.0,Au,3.52856696,2.03721909,-0.0,Au,3.52874765,-2.0373234,-0.0,Au,-0.0,4.07464682,-0.0,Au,-3.52874765,-2.0373234,0.0,Au,-1.3101461,2.26921473,1.40081254,Au,-1.31012455,-2.26922716,1.40081254,Au,2.62027065,1.244e-05,1.40081254,Au,-1.3101461,2.26921473,-1.40081254,Au,-1.31012455,-2.26922716,-1.40081254,Au,2.62027065,1.244e-05,-1.40081254,Au,-2.62027065,1.244e-05,1.40081254,Au,1.3101461,2.26921473,1.40081254,Au,1.31012455,-2.26922716,1.40081254,Au,-2.62027065,1.244e-05,-1.40081254,Au,1.3101461,2.26921473,-1.40081254,Au,1.31012455,-2.26922716,-1.40081254
structure_825,-1555.915113,20,Au20,0.5538666018503919,0.3462966699911381,1.0,54,5.4,Au,-0.00268065,-0.00116583,-2.04417013,Au,0.00267041,0.00123287,2.04418752,Au,-1.46088025,2.1917943,1.40710931,Au,-1.1641067,-2.36140884,1.40917658,Au,2.63074971,0.17187176,1.40227509,Au,1.46080193,-2.19163667,-1.40705212,Au,1.16420408,2.3614258,-1.40923696,Au,-2.63079604,-0.17194928,-1.40233997,Au,-3.66002851,1.80722877,0.00373847,Au,0.26529547,-4.07344478,0.00193121,Au,3.39490648,2.26658585,-0.00583837,Au,3.66002991,-1.80717722,-0.00369638,Au,-0.26534264,4.07340802,-0.00200036,Au,-3.39497672,-2.26666789,0.00590179,Au,-1.44754791,2.16469986,-1.37432694,Au,-1.15442853,-2.33564564,-1.37221422,Au,2.59623413,0.16849251,-1.37842022,Au,1.44762354,-2.16477795,1.37435666,Au,1.15445866,2.33563433,1.37219768,Au,-2.59618635,-0.16849996,1.37842138
structure_936,-1555.915122,20,Au20,0.5537608820644984,0.3460666315421934,1.0,54,5.4,Au,-0.00504803,-1.62e-06,2.04192644,Au,0.00504802,-1.63e-06,-2.04192644,Au,2.60756303,-1.68e-05,-1.36925188,Au,-1.29939445,2.25569622,-1.37819213,Au,-1.29939094,-2.25570035,-1.37818915,Au,1.29939175,-2.25569993,1.37818915,Au,-2.60756303,-1.801e-05,1.36925188,Au,1.29939365,2.25569665,1.37819214,Au,-2.63048705,-8.8e-07,-1.41196371,Au,1.31991687,-2.28078993,-1.40284402,Au,1.31991105,2.28079806,-1.40284466,Au,-1.31991017,2.28079862,1.40284468,Au,2.63048705,-1.62e-06,1.41196371,Au,-1.31991776,-2.28078938,1.40284401,Au,3.53530578,-2.04116907,0.00802428,Au,-0.0,4.08211734,1.8e-07,Au,-3.53530572,-2.04116898,-0.00802391,Au,-3.53531161,2.04117982,-0.00803145,Au,1e-08,-4.08210825,-1.9e-07,Au,3.53531155,2.04117973,0.00803107
structure_952,-1555.942376,20,Au20,0.5523765047426662,0.34256273278065186,1.0,54,5.4,Au,-0.0,-2e-08,2.03951376,Au,0.0,7e-08,-2.03957442,Au,-3.54018705,2.04392792,-8.887e-05,Au,-0.0,-4.08785589,-8.888e-05,Au,3.54018705,2.04392792,-8.887e-05,Au,3.54002491,-2.04383434,0.00011354,Au,-0.0,4.08766864,0.00011351,Au,-3.54002491,-2.04383434,0.00011354,Au,2.61831341,5.507e-05,1.38271532,Au,-1.30920456,2.26749837,1.38271528,Au,-1.30910897,-2.26755357,1.38271545,Au,1.30910897,-2.26755357,1.38271545,Au,-2.61831341,5.507e-05,1.38271532,Au,1.30920456,2.26749837,1.38271528,Au,-2.61814738,2.151e-05,-1.38271763,Au,1.3090552,-2.2673928,-1.38271753,Au,1.30909203,2.26737143,-1.38271755,Au,-1.30909203,2.26737143,-1.38271755,Au,2.61814738,2.151e-05,-1.38271762,Au,-1.3090552,-2.2673928,-1.38271753
structure_316,-1555.942377,20,Au20,0.5523760247024021,0.3425645770209689,1.0,54,5.4,Au,0.0,-0.0,2.03929656,Au,-0.0,-0.0,-2.03929656,Au,-0.0,4.08768385,0.0,Au,-3.54003806,-2.04384193,-0.0,Au,3.54003806,-2.04384193,0.0,Au,-0.0,-4.08768385,0.0,Au,3.54003806,2.04384193,-0.0,Au,-3.54003806,2.04384193,0.0,Au,-2.6181853,-0.0,1.3827479,Au,1.30909265,-2.26741498,1.3827479,Au,1.30909265,2.26741498,1.3827479,Au,2.6181853,-0.0,1.3827479,Au,-1.30909265,2.26741498,1.3827479,Au,-1.30909265,-2.26741498,1.3827479,Au,1.30909265,-2.26741498,-1.3827479,Au,-2.6181853,-0.0,-1.3827479,Au,1.30909265,2.26741498,-1.3827479,Au,-1.30909265,2.26741498,-1.3827479,Au,2.6181853,-0.0,-1.3827479,Au,-1.30909265,-2.26741498,-1.3827479
structure_918,-1555.942374,20,Au20,0.5523605455423615,0.3425313075313351,1.0,54,5.4,Au,0.0,0.0,2.03899709,Au,0.0,0.0,-2.03899709,Au,3.54004624,-2.04384665,-0.0,Au,-0.0,4.08769331,-0.0,Au,-3.54004624,-2.04384665,-0.0,Au,-3.54007822,2.04386512,-0.0,Au,0.0,-4.08773023,0.0,Au,3.54007822,2.04386512,-0.0,Au,-1.30910644,2.2673579,-1.38272329,Au,-1.30903632,-2.26739838,-1.38272329,Au,2.61814276,4.048e-05,-1.38272329,Au,-1.30910644,2.2673579,1.38272329,Au,-1.30903632,-2.26739838,1.38272329,Au,2.61814276,4.048e-05,1.38272329,Au,-2.61814276,4.048e-05,-1.38272329,Au,1.30910644,2.2673579,-1.38272329,Au,1.30903632,-2.26739838,-1.38272329,Au,-2.61814276,4.048e-05,1.38272329,Au,1.30910644,2.2673579,1.38272329,Au,1.30903632,-2.26739838,1.38272329
structure_934,-1555.942374,20,Au20,0.5523428721481463,0.34249348506871435,1.0,54,5.4,Au,8e-08,-0.0,-2.03870695,Au,-8e-08,0.0,2.03870695,Au,2.6180096,-0.0,-1.38284667,Au,-1.3090126,2.26726809,-1.3828569,Au,-1.3090126,-2.26726809,-1.3828569,Au,1.3090126,-2.26726809,1.3828569,Au,-2.6180096,-0.0,1.38284667,Au,1.3090126,2.26726809,1.3828569,Au,2.61846375,-0.0,1.38263705,Au,-1.30923903,2.26765012,1.38264344,Au,-1.30923904,-2.26765012,1.38264344,Au,1.30923904,-2.26765012,-1.38264344,Au,-2.61846375,-1e-08,-1.38263705,Au,1.30923903,2.26765012,-1.38264344,Au,-3.5401469,2.04390762,1.36e-06,Au,0.0,-4.08781101,-0.0,Au,3.5401469,2.04390762,-1.36e-06,Au,3.5401469,-2.04390762,-1.36e-06,Au,-0.0,4.08781101,0.0,Au,-3.5401469,-2.04390762,1.36e-06
structure_959,-1555.942366,20,Au20,0.5523301708983148,0.3424458864752788,1.0,54,5.4,Au,-0.0,-0.0,-2.0396393,Au,0.0,0.0,2.0396393,Au,-4.08807799,-0.0,0.0,Au,2.04403786,-3.54037632,-2e-07,Au,2.04403786,3.54037632,2e-07,Au,4.088078,0.0,-0.0,Au,-2.04403786,3.54037632,-2e-07,Au,-2.04403786,-3.54037632,2e-07,Au,-2.26776005,-1.30912459,-1.38253953,Au,2.26761009,-1.30938306,-1.38253868,Au,0.00014888,2.61849784,-1.38253729,Au,2.26776005,1.3091246,-1.38253953,Au,-2.26761009,1.30938306,-1.38253868,Au,-0.00014888,-2.61849784,-1.38253729,Au,0.00014888,-2.61849784,1.38253729,Au,-2.26776005,1.30912459,1.38253953,Au,2.26761009,1.30938306,1.38253868,Au,-0.00014888,2.61849784,1.38253729,Au,2.26776005,-1.3091246,1.38253953,Au,-2.26761009,-1.30938306,1.38253868
structure_315,-1555.942373,20,Au20,0.5523247326206682,0.3424508483328882,1.0,54,5.4,Au,0.0,0.0,2.03818676,Au,-0.0,-0.0,-2.03818676,Au,-0.0,-4.08766333,-0.0,Au,3.54002023,2.04383172,-0.0,Au,-3.54002023,2.04383172,0.0,Au,0.0,4.08766333,-0.0,Au,-3.54002023,-2.04383172,0.0,Au,3.54002023,-2.04383172,0.0,Au,-2.618308,-0.0,-1.38274274,Au,1.30915357,-2.26752122,-1.38274233,Au,1.30915357,2.26752122,-1.38274233,Au,2.618308,-0.0,-1.38274274,Au,-1.30915357,2.26752122,-1.38274233,Au,-1.30915357,-2.26752122,-1.38274233,Au,1.30915357,-2.26752122,1.38274233,Au,-2.618308,-0.0,1.38274274,Au,1.30915357,2.26752122,1.38274233,Au,-1.30915357,2.26752122,1.38274233,Au,2.618308,-0.0,1.38274274,Au,-1.30915357,-2.26752122,1.38274233
structure_138,-1551.688837,20,Au20,0.6530181233112466,0.6812277111378698,1.0,44,4.4,Au,-1.43146834,-1.431446,-4.59e-06,Au,1.43146046,1.43145516,9.9e-07,Au,1.43145364,-1.43147366,3.05e-06,Au,-1.43146436,1.43146327,-1.14e-06,Au,2.84266888,1.584e-05,-1.70763073,Au,-2.8426643,-1.188e-05,-1.70762612,Au,-2.964e-05,2.84266761,-1.70762938,Au,6.115e-05,-2.84266618,-1.70763038,Au,-2.84266385,8.08e-06,1.7076282,Au,2.84266685,-4.26e-06,1.70762937,Au,1.97e-06,2.842668,1.70762958,Au,7.352e-05,-2.84266494,1.70763109,Au,-2.5199175,-2.5198865,2.20456803,Au,2.51988696,2.51988995,2.20456098,Au,2.5198582,-2.5198955,2.20454855,Au,-2.51989569,2.51988561,2.2045543,Au,2.51986395,-2.5199041,-2.20455104,Au,-2.51987975,2.51989876,-2.2045533,Au,-2.51991388,-2.51987939,-2.20456513,Au,2.51990174,2.51988013,-2.20456235
structure_942,-1550.003267,20,Au20,0.6872278222712183,0.8768797080967874,0.85,43,4.3,Au,-0.0168624,-1.81e-06,1.31508062,Au,0.0168624,1.81e-06,-1.31508062,Au,-3.62924973,-8.3e-07,3.20695943,Au,1.73178199,-2.93547088,3.20991923,Au,1.73178263,2.93547041,3.20991821,Au,-1.73178199,2.93547088,-3.20991923,Au,3.62924973,8.3e-07,-3.20695943,Au,-1.73178264,-2.93547041,-3.20991821,Au,2.26934391,1.34658916,1.22011535,Au,-2.31500054,1.3322825,1.39123055,Au,-0.03134177,-2.63108178,1.31846581,Au,0.0313466,-2.63108358,-1.31847046,Au,-2.26934301,1.34658934,-1.22011509,Au,2.31500715,1.3322813,-1.39123988,Au,-2.26934391,-1.34658916,-1.22011535,Au,2.31500054,-1.3322825,-1.39123055,Au,0.03134177,2.63108178,-1.31846581,Au,-0.0313466,2.63108358,1.31847046,Au,2.26934301,-1.34658934,1.22011509,Au,-2.31500715,-1.3322813,1.39123988
structure_901,-1552.016813,20,Au20,0.6349628962264418,1.0,0.6,48,4.8,Au,-1.54637364,-1.54637364,-1.54637364,Au,1.54637364,1.54637364,-1.54637364,Au,1.54637364,-1.54637364,1.54637364,Au,-1.54637364,1.54637364,1.54637364,Au,0.94590915,0.94590915,0.94590915,Au,-0.94590915,-0.94590915,0.94590915,Au,-0.94590915,0.94590915,-0.94590915,Au,0.94590915,-0.94590915,-0.94590915,Au,-5.76344067,-0.0,-0.0,Au,5.76344067,0.0,0.0,Au,0.0,-5.76344067,0.0,Au,-0.0,5.76344067,0.0,Au,0.0,-0.0,-5.76344067,Au,0.0,0.0,5.76344067,Au,-3.188899,-0.0,0.0,Au,3.188899,0.0,0.0,Au,0.0,-3.188899,0.0,Au,-0.0,3.188899,-0.0,Au,0.0,-0.0,-3.188899,Au,0.0,-0.0,3.188899
structure_13,-1554.128204,20,Au20,0.5783854287117192,0.8156760421051079,0.5,52,5.2,Au,1.9408805,-2.4e-07,1.3317497,Au,-1.9408805,3e-07,1.3317497,Au,-2.7e-07,1.9408805,1.3317497,Au,2.8e-07,-1.9408805,1.3317497,Au,-3.1748714,-4e-08,-1.14578504,Au,3.1748714,4e-08,-1.14578504,Au,-3e-08,-3.1748714,-1.14578504,Au,3e-08,3.1748714,-1.14578504,Au,2.32472945,2.32472944,2.46943411,Au,-2.32472946,-2.32472947,2.46943414,Au,-2.32472923,2.32472923,2.46943381,Au,2.32472924,-2.32472925,2.46943383,Au,1.31934058,1.31934058,-2.50651827,Au,-1.31934058,-1.31934058,-2.50651827,Au,-1.31934057,1.31934057,-2.5065183,Au,1.31934057,-1.31934057,-2.5065183,Au,-2.21834753,-2.21834753,-0.14888047,Au,2.21834753,2.21834752,-0.14888045,Au,2.2183475,-2.21834751,-0.14888024,Au,-2.2183475,2.2183475,-0.14888022
structure_331,-1555.507573,20,Au20,0.5421564957662015,0.7733974195121646,0.44999999999999996,58,5.8,Au,-0.0,0.0,2.98854363,Au,-0.0,-0.0,-1.03092642,Au,2.2687201,-1.2916642,2.13752488,Au,3e-08,2.56327833,2.22782685,Au,-2.26872007,-1.29166422,2.13752488,Au,-2.2687201,1.2916642,2.13752488,Au,-3e-08,-2.56327833,2.22782685,Au,2.26872007,1.29166422,2.13752488,Au,1.93444157,-1.29543541,-2.40490641,Au,-1e-08,3.03955061,-2.31879413,Au,-1.93444158,-1.29543539,-2.40490642,Au,-1.93444157,1.29543541,-2.40490641,Au,1e-08,-3.03955061,-2.31879413,Au,1.93444158,1.29543539,-2.40490642,Au,-2.57784632,0.0,-0.17564347,Au,1.32050187,-2.38552757,-0.08871739,Au,1.32050186,2.38552757,-0.08871738,Au,2.57784632,-0.0,-0.17564347,Au,-1.32050187,2.38552757,-0.08871739,Au,-1.32050186,-2.38552757,-0.08871738
structure_950,-1555.845105,20,Au20,0.5326197457564633,0.8922689231030664,0.35,67,6.7,Au,-1e-08,-1e-08,-0.34250054,Au,3e-08,-2e-08,-2.97907965,Au,-2.28381435,1.31857881,-2.03776888,Au,-1.419e-05,-2.63712933,-2.03776866,Au,2.28382856,1.31855416,-2.03776889,Au,2.1768099,-1.25676597,-2.01591734,Au,-1.545e-05,2.51355511,-2.01591726,Au,-2.17679445,-1.25679279,-2.01591732,Au,1.31879839,-0.7614089,2.34490116,Au,2.5e-07,1.52281738,2.34490117,Au,-1.31879864,-0.76140847,2.34490116,Au,-2.67265524,1.54305772,2.35451591,Au,3.7e-07,-3.08611624,2.3545162,Au,2.67265487,1.54305837,2.35451591,Au,2.71950615,0.00010489,0.23072912,Au,-1.35984392,2.35510898,0.23072881,Au,-1.35966229,-2.35521378,0.23072856,Au,1.35966193,-2.3552148,0.23073322,Au,-2.71950687,0.00010569,0.23073383,Au,1.35984495,2.35510919,0.23073347
structure_947,-1555.845086,20,Au20,0.5325956511964589,0.8922181164854626,0.35,67,6.7,Au,2.3e-07,0.00115351,0.21101773,Au,5e-07,-0.00148804,2.8478092,Au,-2.28515284,1.31800119,1.90778115,Au,1.401e-05,-2.63641618,1.90735823,Au,2.28510352,1.318061,1.90778118,Au,2.17750292,-1.25734646,1.88451018,Au,5.27e-05,2.51039709,1.88694098,Au,-2.17751977,-1.25730285,1.88450715,Au,-2.6711246,1.54458494,-2.48503872,Au,-1.91e-06,-3.08714963,-2.48581395,Au,2.67112294,1.54458321,-2.48503112,Au,1.31879733,-0.76188502,-2.47626612,Au,1.73e-06,1.52206834,-2.47265674,Au,-1.31879655,-0.76188761,-2.47626871,Au,-2.71885683,0.00072456,-0.36183186,Au,1.3591265,-2.35488918,-0.36201018,Au,1.36026835,2.35647539,-0.35968539,Au,-1.36026947,2.3564775,-0.35969205,Au,2.7188578,0.00072862,-0.36184799,Au,-1.35912656,-2.35489036,-0.36201649
structure_68,-1547.669236,20,Au20,0.7332908990307787,0.8820949407205222,1.0,39,3.9,Au,-0.0,0.0,4.0708854,Au,0.0,-0.0,-4.07088543,Au,0.0,-0.0,-1.2897558,Au,0.0,0.0,1.28975575,Au,4.35200223,0.0,1.30702215,Au,-4.35200224,-0.0,1.30702215,Au,0.0,4.35200223,1.30702215,Au,-0.0,-4.35200223,1.30702215,Au,-4.3520022,-0.0,-1.30702211,Au,4.3520022,0.0,-1.30702212,Au,-0.0,4.3520022,-1.30702212,Au,-0.0,-4.3520022,-1.30702211,Au,-2.17800319,-0.0,-2.67533974,Au,2.17800319,0.0,-2.67533974,Au,-0.0,-2.17800319,-2.67533974,Au,0.0,2.17800319,-2.67533974,Au,2.17800319,1e-08,2.67533972,Au,-2.17800319,-1e-08,2.67533972,Au,-1e-08,-2.17800319,2.67533972,Au,1e-08,2.17800319,2.67533972
structure_6,-1551.374442,20,Au20,0.6377302662571003,0.9474937873924671,0.6,44,4.4,Au,3.55259088,0.0,2.19486758,Au,-3.55259088,0.0,2.19486758,Au,0.0,3.55259087,2.19486758,Au,0.0,-3.55259087,2.19486758,Au,4.14010872,0.0,-1.55727139,Au,-4.14010872,0.0,-1.55727139,Au,0.0,4.14010873,-1.55727139,Au,0.0,-4.14010873,-1.55727139,Au,-1.83604874,0.0,-2.72473603,Au,1.83604874,0.0,-2.72473603,Au,0.0,-1.83604871,-2.72473599,Au,0.0,1.83604871,-2.72473599,Au,-1.99783173,0.0,-0.04995147,Au,1.99783173,0.0,-0.04995147,Au,0.0,-1.99783176,-0.04995141,Au,0.0,1.99783176,-0.04995141,Au,1.31927067,1.31927067,2.13709127,Au,-1.31927067,-1.31927067,2.13709127,Au,-1.31927067,1.31927067,2.13709127,Au,1.31927067,-1.31927067,2.13709127
structure_4,-1551.374441,20,Au20,0.6376018778242571,0.9471794830456072,0.6,44,4.4,Au,4.14046789,0.0,1.55719021,Au,-4.14046789,-0.0,1.55719021,Au,0.0,4.14046789,1.55719021,Au,-0.0,-4.14046789,1.55719021,Au,-1.83604901,0.0,2.72433894,Au,1.83604901,0.0,2.72433894,Au,0.0,-1.83604901,2.72433894,Au,0.0,1.83604901,2.72433894,Au,3.55257712,0.0,-2.19502835,Au,-3.55257712,-0.0,-2.19502835,Au,0.0,3.55257712,-2.19502835,Au,0.0,-3.55257712,-2.19502835,Au,1.99840771,0.0,0.05002162,Au,-1.99840771,0.0,0.05002162,Au,0.0,1.99840771,0.05002162,Au,0.0,-1.99840771,0.05002162,Au,-1.31918808,-1.31918808,-2.13652242,Au,1.31918808,1.31918808,-2.13652242,Au,1.31918808,-1.31918808,-2.13652242,Au,-1.31918808,1.31918808,-2.13652242
structure_15,-1551.37442,20,Au20,0.637547333283313,0.9470046013439847,0.6,44,4.4,Au,1.86570228,0.0,-2.13778945,Au,-1.86570228,-0.0,-2.13778945,Au,0.0,1.86570228,-2.13778945,Au,-0.0,-1.86570228,-2.13778945,Au,2.92717239,2.92717239,1.55625424,Au,-2.92717239,-2.92717239,1.55625424,Au,-2.92717239,2.92717239,1.55625424,Au,2.92717239,-2.92717239,1.55625424,Au,-1.41222621,-1.41222621,0.04940476,Au,1.41222621,1.41222621,0.04940476,Au,1.41222621,-1.41222621,0.04940476,Au,-1.41222621,1.41222621,0.04940476,Au,1.29831503,1.29831503,2.72465732,Au,-1.29831503,-1.29831503,2.72465732,Au,-1.29831503,1.29831503,2.72465731,Au,1.29831503,-1.29831503,2.72465731,Au,2.51247973,2.51247973,-2.19252686,Au,-2.51247973,-2.51247973,-2.19252686,Au,-2.51247973,2.51247973,-2.19252686,Au,2.51247973,-2.51247973,-2.19252686
structure_17,-1551.374404,20,Au20,0.6374924793996709,0.9468520871144321,0.6,44,4.4,Au,-1.86592963,-0.0,2.13815612,Au,1.86592963,0.0,2.13815612,Au,-0.0,-1.86592963,2.13815612,Au,0.0,1.86592963,2.13815612,Au,-2.92719461,-2.92719461,-1.55564753,Au,2.92719461,2.92719461,-1.55564753,Au,2.92719461,-2.92719461,-1.55564753,Au,-2.92719461,2.92719461,-1.55564753,Au,1.41196722,1.41196722,-0.049338,Au,-1.41196722,-1.41196722,-0.049338,Au,-1.41196722,1.41196722,-0.049338,Au,1.41196723,-1.41196723,-0.049338,Au,-1.29833056,-1.29833056,-2.72476394,Au,1.29833056,1.29833056,-2.72476394,Au,1.29833056,-1.29833056,-2.72476393,Au,-1.29833056,1.29833056,-2.72476393,Au,-2.51235097,-2.51235097,2.19159334,Au,2.51235097,2.51235097,2.19159334,Au,2.51235097,-2.51235097,2.19159334,Au,-2.51235097,2.51235097,2.19159334
structure_301,-1551.841099,20,Au20,0.625247897062875,0.8656942043117792,0.6,40,4.0,Au,-4.642e-05,-1.88458879,-1.32560284,Au,6.261e-05,1.88458963,-1.32560222,Au,-1.87149214,1.17e-06,-1.29669267,Au,1.87149064,-1.075e-05,-1.29669261,Au,-1.79709903,-1.82809708,0.58363328,Au,1.79709714,1.8280992,0.58363375,Au,-1.7971201,1.82810244,0.58368494,Au,1.79711916,-1.82810335,0.58368698,Au,-1.29265032,3.13327688,2.80144986,Au,1.29266941,-3.13326811,2.80144752,Au,-1.29264306,-3.13329772,2.80146189,Au,1.29263922,3.13329757,2.80146127,Au,-2.46802485,2.45602991,-1.91176957,Au,2.4680173,-2.45602385,-1.9117666,Au,-2.46799142,-2.45602971,-1.91175953,Au,2.46798677,2.4560306,-1.91175871,Au,-3.11465167,-1.29276745,2.78868195,Au,3.11464825,1.29278186,2.78868158,Au,-3.11463146,1.29278402,2.78866759,Au,3.11461994,-1.29280647,2.7886657
structure_43,-1547.215543,20,Au20,0.7403186878893087,0.939558678594049,1.0,42,4.2,Au,-0.0,0.0,4.49722946,Au,-0.0,-0.0,-4.49722946,Au,0.0,0.0,1.90949425,Au,-0.0,0.0,-1.90949425,Au,1.82582454,-0.0,-0.0,Au,-1.82582454,0.0,0.0,Au,-0.0,1.82582435,0.0,Au,0.0,-1.82582435,0.0,Au,4.39612756,0.0,-0.0,Au,-4.39612756,-0.0,0.0,Au,0.0,4.39612703,-0.0,Au,-0.0,-4.39612703,0.0,Au,-3.08638955,-0.0,2.265126,Au,3.08638955,0.0,2.265126,Au,-0.0,-3.08638966,2.26512636,Au,0.0,3.08638966,2.26512636,Au,3.08638955,0.0,-2.265126,Au,-3.08638955,-0.0,-2.265126,Au,-0.0,-3.08638966,-2.26512636,Au,0.0,3.08638966,-2.26512636
structure_597,-1553.700014,20,Au20,0.5750435341308704,0.7467105997511022,0.65,55,5.5,Au,-0.0,-7e-08,-2.41289331,Au,0.0,7e-08,2.41289331,Au,-0.0,3.53354106,-2.1e-07,Au,0.0,-3.53354106,3.3e-07,Au,-3.95758643,-0.0,0.0,Au,3.95758643,-0.0,0.0,Au,1.31817684,-0.0,-0.0,Au,-1.31817684,-0.0,-0.0,Au,-2.6847642,-9e-08,-2.27214877,Au,2.6847642,-9e-08,-2.27214877,Au,2.68476422,9e-08,2.27214878,Au,-2.68476422,9e-08,2.27214878,Au,-1.32687448,-2.18707805,1.79364091,Au,1.32687467,2.18707783,1.79364107,Au,1.32687471,-2.18707778,-1.79364111,Au,-1.32687452,2.18707801,-1.79364094,Au,1.32687452,2.18707801,-1.79364094,Au,-1.32687471,-2.18707778,-1.79364111,Au,-1.32687467,2.18707783,1.79364107,Au,1.32687448,-2.18707805,1.79364091
structure_111,-1555.687918,20,Au20,0.5222571717869131,0.8652743885064881,0.35,66,6.6,Au,-0.9560908,0.83794786,0.09107918,Au,0.93853621,-0.99835635,-0.01518582,Au,-1.90726031,-1.809227,0.02962987,Au,1.9293867,1.78200834,-0.04296806,Au,-0.98655323,-0.81701085,-2.21494633,Au,0.98174789,0.92180733,-2.31232665,Au,1.50168088,-1.65149953,-2.64212861,Au,-1.53733096,1.7885182,-2.35368937,Au,0.92433336,0.91073736,2.21679865,Au,-0.93858764,-0.93552907,2.28661802,Au,1.59108404,-1.64784214,2.59586752,Au,-1.61863271,1.64357653,2.52836037,Au,3.20732323,-0.10854877,1.29623229,Au,-3.29878843,-0.02635407,1.44359032,Au,-0.04833293,3.14381352,1.10625453,Au,0.01604168,-3.22494103,1.25445192,Au,-3.20999392,0.21009799,-1.15127012,Au,3.20040607,-0.20621278,-1.3050308,Au,0.32820377,3.37756313,-1.46604843,Au,-0.11717289,-3.19054866,-1.34528847
structure_801,-1549.888542,20,Au20,0.6680411565106698,0.9634222962222037,0.6,40,4.0,Au,-1.88952543,0.0,-0.0,Au,1.88952543,0.0,-0.0,Au,-0.0,1.88952543,0.0,Au,0.0,-1.88952543,0.0,Au,-0.00786704,1.84286383,2.71126332,Au,0.00786704,-1.84286383,2.71126332,Au,1.84286383,0.00786704,-2.71126332,Au,-1.84286383,-0.00786704,-2.71126332,Au,0.00786704,1.84286383,-2.71126332,Au,-0.00786704,-1.84286383,-2.71126332,Au,-1.84286383,0.00786704,2.71126332,Au,1.84286383,-0.00786704,2.71126332,Au,1.58877272,-3.4198222,-1.4123053,Au,-1.58877272,3.4198222,-1.4123053,Au,-3.4198222,-1.58877272,1.4123053,Au,3.41982219,1.58877272,1.4123053,Au,-1.58877272,-3.4198222,1.4123053,Au,1.58877272,3.4198222,1.4123053,Au,3.4198222,-1.58877272,-1.4123053,Au,-3.4198222,1.58877272,-1.4123053
structure_973,-1547.197534,20,Au20,0.7343958992538369,0.92466998653185,1.0,42,4.2,Au,0.0,-0.0,-1.96497078,Au,-0.0,0.0,1.96497078,Au,0.0,-0.0,4.56051236,Au,-0.0,0.0,-4.56051236,Au,-1.28683351,-1.28683351,0.0,Au,1.28683351,1.28683351,-0.0,Au,1.28683351,-1.28683351,0.0,Au,-1.28683351,1.28683351,-0.0,Au,3.10703094,3.10703094,0.0,Au,-3.10703094,-3.10703094,-0.0,Au,-3.10703094,3.10703094,0.0,Au,3.10703094,-3.10703094,-0.0,Au,2.18351331,2.18456024,2.26036257,Au,-2.18351331,-2.18456024,2.26036257,Au,-2.18456024,2.18351331,2.26036257,Au,2.18456024,-2.18351331,2.26036257,Au,-2.18351331,2.18456024,-2.26036257,Au,2.18351331,-2.18456024,-2.26036257,Au,2.18456024,2.18351331,-2.26036257,Au,-2.18456024,-2.18351331,-2.26036257
structure_967,-1547.197536,20,Au20,0.7341228061879499,0.923968824038749,1.0,42,4.2,Au,1.178e-05,-1.677e-05,1.96550622,Au,-1.136e-05,1.646e-05,-1.96550574,Au,-1.05e-06,1.01e-06,4.56133013,Au,4.3e-07,-1.12e-06,-4.56133037,Au,-4.39355734,-9e-08,-7.58e-06,Au,4.39355255,-2.5e-07,-1.2e-06,Au,-1.1e-07,-4.39368184,8.46e-06,Au,-2.7e-07,4.39367679,-5.5e-07,Au,1.81968922,-7.52e-06,-1.505e-05,Au,-1.81967802,3.45e-06,7.9e-07,Au,-7.28e-06,1.81967476,1.776e-05,Au,3.66e-06,-1.81966308,-5.3e-06,Au,-3.08768345,0.00283215,-2.26074306,Au,3.08770026,-0.00282816,-2.26074508,Au,-0.00286019,-3.08764851,-2.26068557,Au,0.00285717,3.08762229,-2.26067603,Au,3.08768718,0.00282788,2.26075049,Au,-3.08770597,-0.00283225,2.26075739,Au,0.00286019,-3.08761892,2.26067074,Au,-0.00285739,3.08764372,2.26067356
structure_61,-1547.226146,20,Au20,0.7330565428089386,0.9209433047200859,1.0,42,4.2,Au,0.0,0.0,4.53011683,Au,-0.0,0.0,-4.53011683,Au,0.0,-0.0,-1.94661261,Au,-0.0,-0.0,1.94661261,Au,-1.28560081,-1.28560081,-0.0,Au,1.28560081,1.28560081,0.0,Au,1.28560081,-1.28560081,-0.0,Au,-1.28560081,1.28560081,-0.0,Au,-3.10138227,-3.10138227,0.0,Au,3.10138227,3.10138227,0.0,Au,3.10138227,-3.10138227,-0.0,Au,-3.10138227,3.10138227,0.0,Au,2.16802734,2.16802734,2.26836387,Au,-2.16802734,-2.16802734,2.26836387,Au,-2.16802734,2.16802734,2.26836387,Au,2.16802734,-2.16802734,2.26836387,Au,-2.16802734,2.16802734,-2.26836387,Au,2.16802734,-2.16802734,-2.26836387,Au,2.16802734,2.16802734,-2.26836387,Au,-2.16802734,-2.16802734,-2.26836387
structure_3,-1551.848471,20,Au20,0.614845321490253,0.8622071692438451,0.6,40,4.0,Au,-4.4042007,-0.0,-1.63202866,Au,4.4042007,0.0,-1.63202866,Au,0.0,-4.4042007,-1.63202866,Au,0.0,4.4042007,-1.63202866,Au,3.34404482,-0.0,3.0999173,Au,-3.34404482,-0.0,3.0999173,Au,0.0,3.34404482,3.0999173,Au,0.0,-3.34404482,3.0999173,Au,1.83611451,-0.0,-1.93594939,Au,-1.83611451,-0.0,-1.93594939,Au,-0.0,1.83611451,-1.93594939,Au,0.0,-1.83611451,-1.93594939,Au,-2.92858922,-0.0,0.49949558,Au,2.92858922,-0.0,0.49949558,Au,0.0,-2.92858922,0.49949558,Au,-0.0,2.92858922,0.49949558,Au,1.3220928,1.3220928,2.12053232,Au,-1.3220928,-1.3220928,2.12053232,Au,-1.3220928,1.3220928,2.12053232,Au,1.3220928,-1.3220928,2.12053232
structure_350,-1557.20946,20,Au20,0.47635760290392,0.9999208760150684,0.0,60,6.0,Au,0.95069415,-0.995015,0.97293995,Au,-0.95069414,0.995015,0.97293995,Au,-0.99501488,-0.95069403,-0.97294011,Au,0.99501488,0.95069403,-0.97294011,Au,-0.9549562,-0.91280836,2.83755584,Au,0.9549562,0.91280836,2.83755584,Au,-0.91280835,0.9549562,-2.83755569,Au,0.91280835,-0.9549562,-2.83755569,Au,0.99826484,2.81536038,0.93395014,Au,-0.99826484,-2.81536039,0.93395014,Au,2.81536027,-0.99826484,-0.93395014,Au,-2.81536027,0.99826484,-0.93395014,Au,-0.86915009,2.85788332,-0.93460113,Au,0.86915009,-2.85788332,-0.93460113,Au,2.85788344,0.86915008,0.93460114,Au,-2.85788344,-0.86915008,0.93460114,Au,2.71205222,-2.83756085,-2.77547148,Au,-2.71205222,2.83756085,-2.77547148,Au,-2.83756085,-2.71205222,2.77547148,Au,2.83756085,2.71205222,2.77547148
structure_351,-1557.196241,20,Au20,0.47430001615592193,0.9948561036780962,0.0,60,6.0,Au,2.14765894,-3.2853813,-2.77408248,Au,-2.14765895,3.2853813,-2.77408247,Au,-3.28538124,-2.14765325,2.77408354,Au,3.28538124,2.14765325,2.77408353,Au,1.50708633,2.60287343,0.92657803,Au,-1.50708633,-2.60287343,0.92657804,Au,2.60288245,-1.50708853,-0.92657771,Au,-2.60288245,1.50708851,-0.92657771,Au,-1.16752519,-0.7481468,-0.97423686,Au,1.1675252,0.74814678,-0.97423681,Au,-0.74815099,1.16751457,0.97428242,Au,0.74815098,-1.16751457,0.97428243,Au,0.72319682,-1.10558306,-2.83457542,Au,-0.7231968,1.10558307,-2.83457542,Au,-1.10558174,-0.72319304,2.83452204,Au,1.10558173,0.72319305,2.83452199,Au,2.96751035,0.32600872,0.93987126,Au,-2.96751035,-0.32600874,0.93987125,Au,0.32601159,-2.96750473,-0.93986483,Au,-0.3260116,2.96750476,-0.93986482
structure_573,-1553.710575,20,Au20,0.559150236948414,0.6317858195399441,0.75,59,5.9,Au,0.0,0.0,-4.03004325,Au,0.0,-0.0,4.03004324,Au,-0.0,-3.91387118,-0.0,Au,-0.0,3.91387118,-1e-08,Au,-0.0,-1.30145317,0.0,Au,-0.0,1.30145317,1e-08,Au,2.32810702,-0.0,-0.0,Au,-2.32810702,-0.0,-0.0,Au,2.2697787,-2.6079261,0.0,Au,-2.2697787,2.6079261,0.0,Au,-2.2697787,-2.6079261,0.0,Au,2.2697787,2.6079261,0.0,Au,-1.42336302,1.33230516,2.23635585,Au,1.42336302,-1.33230516,2.23635585,Au,1.42336301,1.33230516,-2.23635585,Au,-1.42336301,-1.33230516,-2.23635585,Au,1.42336301,-1.33230516,-2.23635585,Au,-1.42336301,1.33230516,-2.23635585,Au,-1.42336302,-1.33230516,2.23635585,Au,1.42336302,1.33230516,2.23635585
structure_337,-1555.288757,20,Au20,0.5175469640920095,0.7960090673656097,0.4,61,6.1,Au,-1e-08,-1.7e-07,-3.17354416,Au,-0.0,5e-08,-0.58555596,Au,2.28743031,-1.36351019,0.20708286,Au,-3.6e-07,2.688099,0.21285494,Au,-2.28742975,-1.36350919,0.20708146,Au,-2.2874305,1.36351083,0.2070859,Au,3.7e-07,-2.68809929,0.21285669,Au,2.28742995,1.36350981,0.20708447,Au,-2.45389223,3.3e-07,2.46587644,Au,1.31099908,-2.33289829,2.50007467,Au,1.31099923,2.33289806,2.50007431,Au,2.45389223,-1.3e-07,2.46587644,Au,-1.31099913,2.33289819,2.50007454,Au,-1.31099918,-2.33289817,2.50007444,Au,2.45772032,-1.192e-05,-2.04727222,Au,-1.28854165,2.28442068,-2.08311371,Au,-1.28855737,-2.28439839,-2.08311258,Au,-2.45772051,-1.741e-05,-2.04727226,Au,1.28855972,-2.28440625,-2.08311337,Au,1.28853948,2.28441244,-2.08311291
structure_868,-1544.800755,20,Au20,0.7773121833372327,1.0,1.0,36,3.6,Au,-1.33905628,-1.33905628,-1.33905628,Au,1.33905628,1.33905628,-1.33905628,Au,1.33905628,-1.33905628,1.33905628,Au,-1.33905628,1.33905628,1.33905628,Au,-1.33905628,-1.33905628,1.33905628,Au,1.33905628,1.33905628,1.33905628,Au,-1.33905628,1.33905628,-1.33905628,Au,1.33905628,-1.33905628,-1.33905628,Au,0.0,2.92026168,2.92026168,Au,-0.0,-2.92026168,2.92026168,Au,0.0,2.92026168,-2.92026168,Au,-0.0,-2.92026168,-2.92026168,Au,2.92026168,0.0,2.92026168,Au,2.92026168,0.0,-2.92026168,Au,-2.92026168,-0.0,2.92026168,Au,-2.92026168,-0.0,-2.92026168,Au,2.92026168,2.92026168,0.0,Au,-2.92026168,2.92026168,-0.0,Au,2.92026168,-2.92026168,-0.0,Au,-2.92026168,-2.92026168,-0.0
structure_859,-1544.800755,20,Au20,0.7773097812218743,0.9999999906209933,1.0,36,3.6,Au,1.33931051,1.33931048,1.33931044,Au,-1.33931053,-1.33931049,1.33931045,Au,-1.33931053,1.33931049,-1.33931045,Au,1.33931052,-1.33931049,-1.33931045,Au,1.33931053,1.33931049,-1.33931045,Au,-1.33931051,-1.33931048,-1.33931044,Au,1.33931053,-1.33931049,1.33931045,Au,-1.33931052,1.33931049,1.33931045,Au,1e-08,2.92036588,2.92036589,Au,-0.0,-2.92036588,2.92036588,Au,0.0,2.92036588,-2.92036588,Au,-1e-08,-2.92036588,-2.92036589,Au,2.92036586,2e-08,2.92036587,Au,2.92036586,-1e-08,-2.92036587,Au,-2.92036586,1e-08,2.92036587,Au,-2.92036586,-2e-08,-2.92036587,Au,2.92036585,2.92036585,1e-08,Au,-2.92036585,2.92036585,1e-08,Au,2.92036585,-2.92036585,-1e-08,Au,-2.92036585,-2.92036585,-1e-08
structure_816,-1555.4697,20,Au20,0.5066593971810885,0.29347963344151007,0.95,55,5.5,Au,0.0,-0.0,1.96244847,Au,0.0,0.0,-0.74361602,Au,2.60457101,-0.23064595,1.29742879,Au,-1.10254705,2.37095689,1.2974299,Au,-1.50206827,-2.14028304,1.29742946,Au,-2.60457101,0.23064595,1.29742879,Au,1.10254705,-2.37095689,1.2974299,Au,1.50206827,2.14028304,1.29742946,Au,-3.35933956,2.35757389,-0.06183803,Au,-0.36204542,-4.08806877,-0.06184231,Au,3.72137874,1.73048662,-0.0618357,Au,3.35933956,-2.35757389,-0.06183803,Au,0.36204542,4.08806877,-0.06184231,Au,-3.72137874,-1.73048662,-0.0618357,Au,1.51175623,2.15411959,-1.43872928,Au,-2.62140105,0.23214887,-1.43872922,Au,1.1096517,-2.38627719,-1.43872982,Au,-1.51175623,-2.15411959,-1.43872928,Au,2.62140105,-0.23214887,-1.43872922,Au,-1.1096517,2.38627719,-1.43872982
structure_310,-1551.834287,20,Au20,0.5930918381121959,0.6442274783554672,0.9,55,5.5,Au,5e-08,-0.0,-1.42826996,Au,-4e-08,2e-08,1.42826996,Au,1.33e-06,-2.30140268,1e-08,Au,2.40929128,1.30522024,8.7e-07,Au,-2.40929328,1.30522202,-8.6e-07,Au,-1.24e-06,2.30140269,-1e-08,Au,-2.4092914,-1.30522037,-8e-07,Au,2.40929317,-1.30522189,8e-07,Au,4.847e-05,-2.46091754,-2.61867735,Au,2.30362447,1.29951856,-2.60009539,Au,-2.30360023,1.29952881,-2.60009681,Au,-2.745e-05,2.46091757,-2.61867735,Au,-2.3036351,-1.29950762,-2.60009489,Au,2.30358956,-1.29953976,-2.6000973,Au,-2.30361689,-1.29952673,2.60009569,Au,-6.489e-05,2.46091752,2.61867734,Au,2.30360784,-1.29952063,2.6000965,Au,2.30364333,1.29949913,2.60009451,Au,1.232e-05,-2.46091759,2.61867736,Au,-2.30358131,1.29954827,2.60009767
structure_577,-1553.700013,20,Au20,0.5450835959513346,0.746813509743988,0.55,55,5.5,Au,-0.0,7.11e-06,3.53336291,Au,-0.0,6e-07,-3.53336286,Au,0.0,-2.41295932,8.2e-07,Au,0.0,2.41295965,-7.9e-07,Au,3.95758788,4e-08,0.0,Au,-3.95758788,4e-08,0.0,Au,-1.31810955,-2.7e-07,0.0,Au,1.31810955,-2.7e-07,0.0,Au,-2.68482124,-2.27228481,1.11e-06,Au,2.68482277,2.27228546,-1.08e-06,Au,2.68482124,-2.27228481,1.11e-06,Au,-2.68482277,2.27228546,-1.08e-06,Au,1.32682177,-1.79380632,2.18710332,Au,-1.32681696,1.79380212,2.18710873,Au,-1.3268195,-1.79380432,-2.18710608,Au,1.32681919,1.79380408,-2.18710604,Au,-1.32681919,1.79380408,-2.18710604,Au,1.3268195,-1.79380432,-2.18710608,Au,1.32681696,1.79380212,2.18710873,Au,-1.32682177,-1.79380632,2.18710332
structure_575,-1553.700014,20,Au20,0.545008194379546,0.7466224077058244,0.55,55,5.5,Au,0.0,2.089e-05,3.53339188,Au,-0.0,-2.093e-05,-3.53339177,Au,-0.0,-2.4126502,5.45e-06,Au,0.0,2.41265019,-5.14e-06,Au,1.31816104,0.0,5e-08,Au,-1.31816104,0.0,5e-08,Au,3.95761619,-0.0,2e-08,Au,-3.95761619,-0.0,2e-08,Au,2.68482363,-2.27216746,7.12e-06,Au,-2.68482362,2.27216746,-6.98e-06,Au,-2.68482363,-2.27216746,7.12e-06,Au,2.68482362,2.27216746,-6.98e-06,Au,-1.3269972,1.79358546,-2.18706647,Au,1.32698289,-1.79357271,-2.1870841,Au,1.32698296,1.7935729,2.18708387,Au,-1.32699725,-1.79358563,2.18706627,Au,1.32699725,-1.79358563,2.18706627,Au,-1.32698296,1.7935729,2.18708387,Au,-1.32698289,-1.79357271,-2.1870841,Au,1.3269972,1.79358546,-2.18706647
structure_5,-1549.266626,20,Au20,0.6572715743709262,0.9752552466162158,0.5,32,3.2,Au,-3.67997509,-0.0,0.15689132,Au,3.67997508,-0.0,0.15689132,Au,-0.0,-3.67997509,0.15689134,Au,-0.0,3.67997508,0.15689132,Au,1.83709305,-1e-08,2.01866417,Au,-1.83709304,-1e-08,2.01866417,Au,-0.0,1.83709305,2.01866417,Au,-0.0,-1.83709299,2.01866417,Au,-3.49583571,-0.0,-2.40393033,Au,3.49583571,-0.0,-2.40393033,Au,0.0,-3.49583571,-2.40393036,Au,0.0,3.49583571,-2.40393033,Au,-4.34456256,-0.0,2.6503941,Au,4.34456256,-0.0,2.6503941,Au,-0.0,-4.34456259,2.65039411,Au,-0.0,4.34456256,2.65039411,Au,1.30539967,1.30539967,-2.86543304,Au,-1.30539968,-1.30539966,-2.86543304,Au,-1.30539967,1.30539967,-2.86543304,Au,1.30539967,-1.30539967,-2.86543304
structure_576,-1553.699996,20,Au20,0.5446827798313145,0.7457866034941136,0.55,55,5.5,Au,-0.0,-8.9e-06,-3.53646616,Au,0.0,-4.863e-05,3.53646628,Au,0.0,2.41279398,5.05e-06,Au,0.0,-2.41279624,-4.16e-06,Au,-3.9577074,1.91e-06,2.4e-07,Au,3.9577074,1.91e-06,2.4e-07,Au,1.3180604,-5.6e-07,-2e-08,Au,-1.3180604,-5.6e-07,-2e-08,Au,2.68479204,-2.27212177,-6.76e-06,Au,-2.68478005,2.2721204,6.62e-06,Au,-2.68479204,-2.27212177,-6.76e-06,Au,2.68478005,2.27212039,6.62e-06,Au,-1.32692346,-1.79126047,-2.18672578,Au,1.32692892,1.79126301,-2.18672331,Au,1.32690969,-1.7912491,2.18674289,Au,-1.32694305,1.79127649,2.18670562,Au,1.32694305,1.79127649,2.18670562,Au,-1.32690969,-1.7912491,2.18674289,Au,-1.32692892,1.79126301,-2.18672331,Au,1.32692346,-1.79126047,-2.18672578
structure_986,-1552.882114,20,Au20,0.5651645059149553,0.4321704972677586,1.0,52,5.2,Au,3.19819883,0.0,-0.0,Au,-3.19819886,0.0,0.0,Au,-0.0,3.19819887,-0.0,Au,-0.0,-3.19819884,0.0,Au,1.37741376,1.37723379,1.31731287,Au,-1.37741377,-1.377234,1.31731313,Au,-1.37723405,1.37741373,1.31731314,Au,1.3772338,-1.3774138,1.31731292,Au,-1.37741373,1.37723401,-1.3173131,Au,1.3774138,-1.37723378,-1.3173129,Au,1.37723404,1.37741377,-1.31731317,Au,-1.37723381,-1.37741376,-1.31731289,Au,-0.00244081,-1.85932069,3.5455322,Au,0.0024408,1.8593207,3.54553221,Au,1.8593207,-0.00244081,3.54553221,Au,-1.85932069,0.00244081,3.5455322,Au,0.0024408,-1.8593207,-3.54553221,Au,-0.00244081,1.85932069,-3.5455322,Au,-1.8593207,-0.0024408,-3.54553221,Au,1.85932069,0.00244081,-3.5455322
structure_14,-1552.866415,20,Au20,0.5653233227322636,0.4325880356293759,1.0,52,5.2,Au,-1.9724188,-0.0,-1.33206683,Au,1.9724188,0.0,-1.33206683,Au,0.0,-1.9724188,-1.33206683,Au,0.0,1.9724188,-1.33206683,Au,1.97129599,0.0,1.3317248,Au,-1.97129599,0.0,1.3317248,Au,0.0,1.97129599,1.3317248,Au,0.0,-1.97129599,1.3317248,Au,1.31514487,1.31514487,3.5496308,Au,-1.31514487,-1.31514487,3.5496308,Au,-1.31514487,1.31514487,3.5496308,Au,1.31514487,-1.31514487,3.5496308,Au,-2.25563386,-2.25563386,9.701e-05,Au,2.25563386,2.25563386,9.701e-05,Au,2.25563386,-2.25563386,9.701e-05,Au,-2.25563386,2.25563386,9.701e-05,Au,1.31507613,1.31507613,-3.54938578,Au,-1.31507613,-1.31507613,-3.54938578,Au,-1.31507613,1.31507613,-3.54938578,Au,1.31507613,-1.31507613,-3.54938578
structure_552,-1550.980018,20,Au20,0.6128569691195658,0.8609647830539926,0.65,43,4.3,Au,-0.0,-0.0,-1.27673456,Au,-0.0,0.0,1.27673456,Au,-0.0,4.88734557,-0.0,Au,-0.0,-4.88734557,-0.0,Au,2.27415726,-0.0,0.0,Au,-2.27415726,0.0,0.0,Au,4.83646774,-0.0,-0.0,Au,-4.83646774,0.0,-0.0,Au,-2.18878953,0.0,-2.63344916,Au,2.18878953,-0.0,-2.63344916,Au,2.18878953,-0.0,2.63344916,Au,-2.18878953,-0.0,2.63344916,Au,-0.0,2.65272465,-1.3191701,Au,-0.0,-2.65272465,-1.3191701,Au,-0.0,2.65272465,1.3191701,Au,-0.0,-2.65272465,1.3191701,Au,0.0,1.29947081,3.55838085,Au,0.0,-1.29947081,3.55838085,Au,-0.0,1.29947081,-3.55838085,Au,-0.0,-1.29947081,-3.55838085
structure_378,-1550.181846,20,Au20,0.6309576252815254,0.938923729154496,0.6,37,3.7,Au,-1e-08,0.0,-3.89642681,Au,1e-08,-0.0,3.89642681,Au,-0.0,0.0,-1.28756566,Au,0.0,0.0,1.28756566,Au,0.0,-3.09714957,0.0,Au,0.0,3.09714957,0.0,Au,-0.0,-5.67509477,0.0,Au,-0.0,5.67509477,0.0,Au,1.89329141,-1.32185186,-0.0,Au,-1.89329141,1.32185186,0.0,Au,-1.89329141,-1.32185186,0.0,Au,1.89329141,1.32185186,-0.0,Au,3.74025112,-0.0,1.29715815,Au,-3.74025112,-0.0,1.29715814,Au,-3.74025112,-0.0,-1.29715815,Au,3.74025112,-0.0,-1.29715814,Au,2.55850295,-0.0,3.6016416,Au,-2.55850293,0.0,3.60164158,Au,-2.55850295,0.0,-3.6016416,Au,2.55850293,0.0,-3.60164158
structure_57,-1550.582139,20,Au20,0.6205007866979251,0.6498915306173404,1.0,54,5.4,Au,-4.112e-05,3.651e-05,1.98206239,Au,1.401e-05,-3.667e-05,-1.9820624,Au,6e-08,-1.3e-07,4.59610067,Au,-1.3e-07,1.3e-07,-4.59610068,Au,1.86551957,-0.0,-1.36e-06,Au,-1.86551843,-0.0,1.36e-06,Au,-3.3e-07,1.865519,1.81e-06,Au,-3.3e-07,-1.865519,-1.81e-06,Au,-2.60537333,-2.60537337,3.4e-06,Au,2.60537238,2.60537234,-3.4e-06,Au,2.6053724,-2.60537236,2.414e-05,Au,-2.60537334,2.60537338,-2.416e-05,Au,-1.80107507,-1.8010749,2.2998602,Au,1.80107652,1.80107669,2.29986246,Au,1.80109921,-1.80109918,2.29985222,Au,-1.80105252,1.80105255,2.29987053,Au,1.80105958,-1.80105961,-2.29987024,Au,-1.80109205,1.80109203,-2.29985248,Au,-1.80106934,-1.80106951,-2.29986274,Au,1.80108227,1.80108209,-2.29985993
structure_25,-1550.854979,20,Au20,0.6121812295210398,0.8510774339850302,0.6,44,4.4,Au,-1.85046454,0.0,2.67226471,Au,1.85046454,-0.0,2.67226471,Au,-0.0,-1.85046454,2.67226471,Au,0.0,1.85046454,2.67226471,Au,-1.96931484,0.0,-0.01150898,Au,1.96931484,0.0,-0.01150898,Au,0.0,-1.96931484,-0.01150898,Au,0.0,1.96931484,-0.01150898,Au,2.23842673,2.23842673,1.36364846,Au,-2.23842673,-2.23842673,1.36364846,Au,-2.23842673,2.23842673,1.36364846,Au,2.23842673,-2.23842673,1.36364846,Au,-1.29615025,-3.12229786,-2.01220209,Au,1.29615025,3.12229786,-2.01220209,Au,3.12229786,-1.29615025,-2.01220209,Au,-3.12229786,1.29615025,-2.01220209,Au,-1.29615025,3.12229786,-2.01220209,Au,1.29615025,-3.12229786,-2.01220209,Au,3.12229786,1.29615025,-2.01220209,Au,-3.12229786,-1.29615025,-2.01220209
structure_27,-1550.854957,20,Au20,0.6119971667958471,0.8506104795483085,0.6,44,4.4,Au,3.16554304,-0.0,1.36272119,Au,-3.16554304,0.0,1.36272119,Au,0.0,3.16554304,1.36272119,Au,0.0,-3.16554304,1.36272119,Au,1.39252545,1.39252545,-0.01146708,Au,-1.39252545,-1.39252545,-0.01146708,Au,-1.39252545,1.39252545,-0.01146708,Au,1.39252545,-1.39252545,-0.01146708,Au,1.30857147,1.30857147,2.67212479,Au,-1.30857147,-1.30857147,2.67212479,Au,-1.30857147,1.30857147,2.67212479,Au,1.30857147,-1.30857147,2.67212479,Au,-1.29130398,-3.12466899,-2.01168945,Au,1.29130398,3.12466899,-2.01168945,Au,3.12466899,-1.29130398,-2.01168945,Au,-3.12466899,1.29130398,-2.01168945,Au,-1.29130398,3.12466899,-2.01168945,Au,1.29130398,-3.12466899,-2.01168945,Au,3.12466899,1.29130398,-2.01168945,Au,-3.12466899,-1.29130398,-2.01168945
structure_143,-1549.161871,20,Au20,0.6537668850491728,0.6426604381304925,1.0,32,3.2,Au,-2.69830491,-2.69830491,-2.21e-06,Au,2.6983049,2.6983049,-2.87e-06,Au,2.69830489,-2.69830489,-5.1e-07,Au,-2.6983049,2.6983049,-4.65e-06,Au,-1.30058341,-1.30058427,1.73200747,Au,1.30058441,1.30058355,1.73200752,Au,1.30058316,-1.30058324,1.73200734,Au,-1.30058492,1.30058484,1.73200771,Au,1.30060745,-1.3006074,-1.73200935,Au,-1.30060565,1.3006057,-1.73200897,Au,-1.30060689,-1.30060601,-1.73200915,Au,1.30060593,1.30060681,-1.73200911,Au,-3.04371831,-3.04371832,2.5259722,Au,3.04371829,3.04371827,2.52597247,Au,3.04371844,-3.04371844,2.52597133,Au,-3.04371789,3.04371789,2.52597303,Au,3.04370864,-3.04370864,-2.52596879,Au,-3.04370923,3.04370923,-2.52596714,Au,-3.04370909,-3.04370907,-2.52596831,Au,3.04370907,3.04370909,-2.52596801
structure_110,-1549.161931,20,Au20,0.6533491007883199,0.641706736465739,1.0,32,3.2,Au,3.8206574,4e-08,2.746e-05,Au,-3.82065857,1e-08,1.132e-05,Au,4e-08,3.82065546,2.276e-05,Au,1e-08,-3.82065944,-3.95e-06,Au,-1.83920095,3.68e-06,1.72562504,Au,1.83919627,3.59e-06,1.72562458,Au,2.18e-06,-1.83919823,1.72562556,Au,2.09e-06,1.83918971,1.72562422,Au,1.8391986,-2.68e-06,-1.7256255,Au,-1.83919503,-2.59e-06,-1.72562588,Au,-1.6e-06,-1.83919372,-1.7256256,Au,-1.69e-06,1.83919895,-1.72562439,Au,-4.30189553,1.1e-07,2.52728345,Au,4.30189647,1.3e-07,2.52727539,Au,7e-08,-4.30190005,2.52729152,Au,9e-08,4.30190319,2.52727875,Au,4.30190017,-2e-08,-2.52730184,Au,-4.30189998,-4e-08,-2.52729404,Au,-2e-08,-4.30189951,-2.52728768,Au,0.0,4.3019014,-2.52730117
structure_133,-1550.714961,20,Au20,0.6129729641604269,0.5236869284481908,1.0,40,4.0,Au,1.34526513,1.34526515,0.0,Au,-1.34526514,-1.34526515,-0.0,Au,-1.34526513,1.34526515,-0.0,Au,1.34526513,-1.34526515,-0.0,Au,-1.85409476,-0.0,3.58455822,Au,1.85409476,0.0,3.58455822,Au,0.0,-1.85409476,3.58455822,Au,-0.0,1.85409476,3.58455822,Au,1.85409476,-0.0,-3.58455822,Au,-1.85409476,-0.0,-3.58455822,Au,0.0,-1.85409476,-3.58455822,Au,-0.0,1.85409476,-3.58455822,Au,3.16217396,-0.0,1.30692966,Au,-3.16217396,-0.0,1.30692965,Au,0.0,3.16217395,1.30692964,Au,0.0,-3.16217395,1.30692965,Au,-3.16217396,-0.0,-1.30692965,Au,3.16217396,-0.0,-1.30692966,Au,0.0,3.16217395,-1.30692964,Au,0.0,-3.16217395,-1.30692965
structure_809,-1545.009153,20,Au20,0.756050583934333,1.0,1.0,42,4.2,Au,-4.61714986,0.0,0.0,Au,4.61714986,0.0,-0.0,Au,-0.0,-4.61714986,-0.0,Au,-0.0,4.61714986,0.0,Au,-0.0,-0.0,-4.61714986,Au,-0.0,0.0,4.61714986,Au,1.95355351,-0.0,-0.0,Au,-1.95355351,0.0,0.0,Au,0.0,1.95355351,0.0,Au,0.0,-1.95355351,-0.0,Au,-0.0,0.0,1.95355351,Au,0.0,-0.0,-1.95355351,Au,-1.83858017,-1.83858017,-1.83858017,Au,1.83858017,1.83858017,-1.83858017,Au,1.83858017,-1.83858017,1.83858017,Au,-1.83858017,1.83858017,1.83858017,Au,1.83858017,1.83858017,1.83858017,Au,-1.83858017,-1.83858017,1.83858017,Au,-1.83858017,1.83858017,-1.83858017,Au,1.83858017,-1.83858017,-1.83858017
structure_811,-1545.009159,20,Au20,0.7560495453021387,0.9999992232351157,1.0,42,4.2,Au,4.61724499,0.0,0.0,Au,-4.61724499,0.0,-0.0,Au,0.0,4.61724445,0.0,Au,-0.0,-4.61724445,-0.0,Au,-0.0,0.0,4.61724675,Au,0.0,-0.0,-4.61724675,Au,1.95397227,-0.0,-0.0,Au,-1.95397227,0.0,0.0,Au,-0.0,1.95397186,-0.0,Au,0.0,-1.95397186,0.0,Au,-0.0,-0.0,1.95397362,Au,0.0,0.0,-1.95397362,Au,-1.83866487,-1.83866484,-1.83866497,Au,1.83866487,1.83866484,-1.83866497,Au,1.83866487,-1.83866484,1.83866497,Au,-1.83866487,1.83866484,1.83866497,Au,1.83866487,1.83866484,1.83866497,Au,-1.83866487,-1.83866484,1.83866497,Au,-1.83866487,1.83866484,-1.83866497,Au,1.83866487,-1.83866484,-1.83866497
